,0,1,2,3,4,5,6,7,8,9,10,11
1627,0.0,0.0,1.0,1.0,4.0,4.0,0.0,0.0,1.0,0.0,0.0,19.48389245519886
90,1.0,0.0,0.0,0.0,0.0,1.0,1.0,1.0,0.0,0.0,1.0,14.251293105763876
832,1.0,1.0,1.0,1.0,4.0,0.0,0.0,1.0,0.0,1.0,1.0,15.911015527066958
189,1.0,1.0,0.0,0.0,2.0,1.0,5.0,2.0,0.0,0.0,0.0,10.972442969016576
228,1.0,0.0,1.0,1.0,2.0,5.0,3.0,3.0,0.0,0.0,1.0,6.634191954895195
21,0.0,0.0,0.0,1.0,0.0,5.0,5.0,1.0,0.0,0.0,0.0,17.903300597253494
95,1.0,1.0,1.0,0.0,0.0,5.0,5.0,5.0,0.0,0.0,1.0,10.531616207709554
847,1.0,0.0,0.0,1.0,5.0,1.0,5.0,5.0,0.0,1.0,0.0,21.806088683752197
1507,0.0,0.0,0.0,1.0,2.0,1.0,3.0,3.0,1.0,1.0,1.0,4.704821641278228
1602,0.0,0.0,0.0,1.0,4.0,1.0,2.0,3.0,1.0,0.0,1.0,9.561553254749825
1515,1.0,1.0,1.0,1.0,2.0,1.0,3.0,5.0,1.0,1.0,0.0,19.45507020024884
207,0.0,0.0,0.0,1.0,2.0,2.0,0.0,0.0,0.0,0.0,0.0,0.7022593109026145
697,1.0,1.0,0.0,1.0,0.0,5.0,5.0,5.0,0.0,1.0,1.0,7.355313699766725
543,0.0,0.0,1.0,1.0,3.0,2.0,0.0,0.0,0.0,1.0,0.0,-4.489864893499173
1367,1.0,1.0,1.0,1.0,0.0,0.0,4.0,0.0,1.0,0.0,1.0,13.405901214385684
1172,0.0,0.0,1.0,0.0,2.0,4.0,4.0,4.0,1.0,0.0,1.0,21.546163920555657
1464,1.0,0.0,1.0,1.0,2.0,5.0,3.0,3.0,1.0,0.0,0.0,16.691496855655288
613,0.0,0.0,0.0,1.0,5.0,4.0,1.0,1.0,0.0,1.0,0.0,20.836407327605382
356,0.0,0.0,1.0,1.0,4.0,0.0,5.0,5.0,0.0,0.0,1.0,12.916896274443168
546,0.0,0.0,0.0,0.0,3.0,4.0,0.0,4.0,0.0,1.0,1.0,9.131885750263365
103,1.0,1.0,1.0,0.0,1.0,0.0,4.0,4.0,0.0,0.0,0.0,17.12511418430467
288,1.0,1.0,0.0,1.0,3.0,0.0,4.0,4.0,0.0,0.0,1.0,8.957290710263013
532,0.0,0.0,0.0,1.0,2.0,4.0,3.0,3.0,0.0,1.0,0.0,7.841851426767246
1169,0.0,1.0,1.0,0.0,2.0,3.0,3.0,3.0,1.0,0.0,0.0,4.936309050562333
251,0.0,0.0,0.0,1.0,3.0,0.0,5.0,4.0,0.0,0.0,1.0,-0.5204309549961463
1673,0.0,0.0,0.0,1.0,5.0,1.0,3.0,5.0,1.0,0.0,1.0,5.532147312379747
681,1.0,0.0,0.0,1.0,0.0,3.0,0.0,1.0,0.0,1.0,0.0,14.632801456625328
991,0.0,0.0,0.0,0.0,4.0,0.0,1.0,1.0,1.0,1.0,0.0,-3.2523319551755048
1474,0.0,1.0,0.0,1.0,2.0,5.0,2.0,3.0,1.0,0.0,1.0,1.0662185902419985
1529,1.0,1.0,1.0,1.0,2.0,2.0,3.0,3.0,1.0,1.0,1.0,0.1396584347246472
1589,1.0,1.0,1.0,1.0,3.0,4.0,5.0,5.0,1.0,1.0,0.0,10.713242869253143
1220,1.0,0.0,1.0,0.0,3.0,2.0,4.0,4.0,1.0,0.0,0.0,2.6368329315299226
293,1.0,1.0,0.0,1.0,3.0,5.0,4.0,0.0,0.0,0.0,0.0,8.15272376428489
1731,1.0,1.0,0.0,1.0,5.0,3.0,2.0,4.0,1.0,1.0,1.0,3.170851042849124
200,0.0,1.0,0.0,1.0,2.0,0.0,2.0,2.0,0.0,0.0,1.0,-3.978886070801997
1366,0.0,1.0,0.0,1.0,0.0,0.0,0.0,0.0,1.0,0.0,1.0,-4.288250775709335
1420,1.0,1.0,1.0,1.0,1.0,3.0,5.0,5.0,1.0,0.0,0.0,-4.825820685319203
1244,0.0,0.0,1.0,0.0,4.0,3.0,4.0,4.0,1.0,1.0,1.0,21.432183403579742
1260,1.0,1.0,1.0,0.0,4.0,3.0,0.0,0.0,1.0,0.0,1.0,-1.696414647929926
535,0.0,0.0,1.0,0.0,2.0,0.0,0.0,1.0,0.0,1.0,1.0,5.5627478488959365
360,1.0,1.0,1.0,1.0,4.0,4.0,3.0,5.0,0.0,0.0,1.0,-2.0405034392528028
185,1.0,1.0,0.0,0.0,2.0,2.0,3.0,4.0,0.0,0.0,1.0,-0.0236288957758867
1523,1.0,1.0,1.0,1.0,2.0,3.0,4.0,4.0,1.0,1.0,1.0,20.339906254896636
1741,1.0,1.0,0.0,1.0,5.0,5.0,3.0,4.0,1.0,1.0,1.0,2.480591826353055
1136,1.0,0.0,1.0,0.0,1.0,3.0,0.0,0.0,1.0,0.0,0.0,-2.556676125404353
146,0.0,1.0,0.0,1.0,1.0,3.0,2.0,2.0,0.0,0.0,1.0,12.988411639061152
1214,0.0,0.0,1.0,0.0,3.0,4.0,3.0,2.0,1.0,0.0,0.0,5.305985816556319
1205,0.0,0.0,1.0,0.0,3.0,4.0,2.0,0.0,1.0,1.0,0.0,9.497941636317393
718,1.0,1.0,0.0,1.0,1.0,5.0,5.0,5.0,0.0,1.0,0.0,15.93980446808181
1252,1.0,1.0,1.0,0.0,4.0,5.0,1.0,3.0,1.0,0.0,1.0,10.754842589513617
1374,1.0,1.0,0.0,1.0,0.0,2.0,5.0,4.0,1.0,0.0,1.0,-0.8160382470405265
837,1.0,1.0,1.0,1.0,4.0,0.0,0.0,0.0,0.0,1.0,0.0,-3.2280421046451933
939,1.0,0.0,0.0,0.0,5.0,3.0,1.0,1.0,1.0,0.0,1.0,-2.167027107041939
732,1.0,0.0,1.0,1.0,1.0,1.0,5.0,0.0,0.0,1.0,1.0,15.28152040666678
1716,1.0,1.0,0.0,1.0,5.0,0.0,5.0,2.0,1.0,0.0,1.0,13.435806360408844
1030,0.0,1.0,0.0,0.0,4.0,1.0,3.0,4.0,1.0,1.0,0.0,17.299800418015398
680,1.0,1.0,0.0,1.0,0.0,4.0,3.0,5.0,0.0,1.0,0.0,21.26937691523148
560,0.0,0.0,0.0,0.0,3.0,5.0,3.0,1.0,0.0,1.0,1.0,2.8030744439101563
92,1.0,1.0,1.0,1.0,0.0,4.0,3.0,3.0,0.0,0.0,1.0,11.739313683397636
831,1.0,1.0,0.0,1.0,4.0,4.0,2.0,2.0,0.0,1.0,0.0,3.335261312446054
521,0.0,0.0,0.0,0.0,2.0,1.0,5.0,5.0,0.0,1.0,1.0,17.708644031447463
232,1.0,1.0,1.0,0.0,2.0,5.0,1.0,1.0,0.0,0.0,0.0,4.039842349056814
465,0.0,0.0,0.0,0.0,0.0,3.0,4.0,0.0,0.0,1.0,1.0,15.36865877209879
655,0.0,1.0,0.0,1.0,4.0,5.0,3.0,3.0,0.0,1.0,1.0,11.445072604529056
1041,1.0,0.0,0.0,0.0,1.0,3.0,0.0,1.0,1.0,1.0,1.0,17.678735814856406
300,1.0,0.0,0.0,0.0,3.0,0.0,1.0,0.0,0.0,0.0,1.0,15.947686358176298
1600,1.0,0.0,0.0,1.0,4.0,0.0,5.0,1.0,1.0,0.0,0.0,19.173647908534008
1117,1.0,1.0,1.0,0.0,0.0,5.0,1.0,3.0,1.0,1.0,1.0,14.285177469111236
1259,0.0,0.0,1.0,0.0,4.0,2.0,4.0,0.0,1.0,1.0,1.0,-2.4423557582942843
519,0.0,0.0,1.0,0.0,2.0,3.0,5.0,5.0,0.0,1.0,0.0,10.179496778436397
906,1.0,1.0,0.0,0.0,4.0,2.0,5.0,1.0,1.0,0.0,0.0,4.187245870104444
132,1.0,0.0,1.0,1.0,1.0,1.0,1.0,3.0,0.0,0.0,0.0,-2.220560391343739
454,0.0,1.0,1.0,1.0,5.0,5.0,5.0,5.0,0.0,0.0,1.0,4.178039687571177
1307,0.0,0.0,0.0,1.0,0.0,1.0,0.0,1.0,1.0,1.0,0.0,-4.980687927843638
1645,0.0,0.0,1.0,1.0,4.0,3.0,0.0,3.0,1.0,1.0,1.0,5.935245827014802
429,1.0,1.0,1.0,0.0,5.0,5.0,3.0,1.0,0.0,0.0,1.0,-2.6303845928020952
1046,1.0,0.0,0.0,0.0,1.0,3.0,4.0,0.0,1.0,1.0,1.0,-1.8555150659742043
1580,0.0,1.0,1.0,1.0,3.0,0.0,0.0,0.0,1.0,1.0,0.0,10.302498159422646
1597,1.0,1.0,0.0,1.0,4.0,1.0,3.0,3.0,1.0,0.0,1.0,6.708533511382214
1264,0.0,0.0,1.0,0.0,4.0,3.0,5.0,5.0,1.0,1.0,1.0,14.57189119445196
1552,0.0,0.0,0.0,1.0,3.0,4.0,5.0,4.0,1.0,0.0,0.0,4.987600379242659
556,0.0,0.0,0.0,0.0,3.0,2.0,0.0,0.0,0.0,1.0,0.0,9.148527051295488
1708,0.0,0.0,1.0,1.0,5.0,0.0,3.0,3.0,1.0,1.0,0.0,15.579834360467178
809,1.0,1.0,1.0,0.0,4.0,3.0,5.0,5.0,0.0,1.0,0.0,18.619974408405607
744,1.0,1.0,0.0,1.0,1.0,4.0,3.0,3.0,0.0,1.0,1.0,0.347192858917734
120,0.0,0.0,0.0,1.0,1.0,1.0,4.0,1.0,0.0,0.0,0.0,4.60867679868343
1153,0.0,0.0,1.0,0.0,1.0,2.0,0.0,5.0,1.0,1.0,1.0,-1.3061962571577368
493,0.0,0.0,0.0,0.0,1.0,1.0,3.0,1.0,0.0,1.0,0.0,0.8878578859922373
1005,0.0,0.0,0.0,0.0,0.0,5.0,4.0,1.0,1.0,1.0,1.0,0.517972425754941
874,1.0,0.0,0.0,0.0,4.0,2.0,3.0,3.0,1.0,0.0,0.0,20.4105119306246
1031,0.0,1.0,0.0,0.0,0.0,3.0,1.0,5.0,1.0,1.0,0.0,5.859431509297805
925,1.0,1.0,0.0,0.0,1.0,5.0,4.0,2.0,1.0,0.0,0.0,-4.189666755720901
1013,0.0,0.0,0.0,0.0,1.0,2.0,4.0,0.0,1.0,1.0,1.0,20.056085857549373
1512,0.0,0.0,0.0,1.0,2.0,3.0,5.0,1.0,1.0,1.0,1.0,19.68205447047397
830,1.0,1.0,0.0,1.0,4.0,2.0,3.0,3.0,0.0,1.0,1.0,-2.7108320700813584
1631,1.0,0.0,1.0,1.0,4.0,3.0,5.0,2.0,1.0,0.0,1.0,-2.6093531191268955
307,1.0,0.0,1.0,1.0,3.0,4.0,3.0,1.0,0.0,0.0,0.0,5.377361732743031
1744,1.0,1.0,0.0,1.0,5.0,2.0,4.0,4.0,1.0,1.0,0.0,18.840431778167744
545,0.0,0.0,1.0,0.0,3.0,3.0,0.0,0.0,0.0,1.0,0.0,10.741882410481212
1691,1.0,0.0,1.0,1.0,5.0,0.0,0.0,0.0,1.0,1.0,0.0,5.300926450126212
508,0.0,0.0,0.0,1.0,1.0,1.0,1.0,4.0,0.0,1.0,1.0,9.379089682531392
180,1.0,1.0,0.0,0.0,2.0,4.0,1.0,1.0,0.0,0.0,0.0,13.440201010459695
1639,0.0,0.0,1.0,1.0,4.0,5.0,4.0,4.0,1.0,1.0,1.0,-1.846154308158754
315,0.0,0.0,0.0,1.0,4.0,2.0,0.0,1.0,0.0,0.0,1.0,-3.5913808231205437
800,1.0,1.0,1.0,0.0,3.0,4.0,4.0,1.0,0.0,1.0,1.0,3.4064629058992963
1392,0.0,0.0,1.0,1.0,1.0,5.0,5.0,4.0,1.0,0.0,0.0,20.25260266938281
1176,0.0,1.0,1.0,0.0,2.0,5.0,2.0,2.0,1.0,0.0,1.0,4.359118544304224
473,0.0,0.0,1.0,0.0,0.0,1.0,2.0,0.0,0.0,1.0,1.0,16.46635996839094
576,0.0,0.0,1.0,0.0,4.0,2.0,1.0,0.0,0.0,1.0,1.0,-1.562527453074365
421,1.0,1.0,0.0,1.0,5.0,4.0,1.0,1.0,0.0,0.0,1.0,15.661669995768644
119,0.0,0.0,0.0,1.0,1.0,0.0,3.0,4.0,0.0,0.0,0.0,17.85711756328414
354,1.0,1.0,0.0,0.0,4.0,0.0,1.0,4.0,0.0,0.0,1.0,16.63545756192233
1068,1.0,1.0,0.0,0.0,2.0,4.0,0.0,0.0,1.0,1.0,1.0,2.9857356366622883
81,1.0,1.0,0.0,0.0,0.0,3.0,1.0,5.0,0.0,0.0,1.0,3.595265665382435
574,0.0,0.0,0.0,0.0,4.0,5.0,5.0,5.0,0.0,1.0,1.0,16.709157021788457
825,1.0,1.0,1.0,1.0,4.0,0.0,2.0,5.0,0.0,1.0,1.0,0.2707996122594984
1630,1.0,1.0,1.0,1.0,4.0,3.0,1.0,1.0,1.0,0.0,1.0,2.5323114320692364
1201,0.0,1.0,1.0,0.0,2.0,5.0,5.0,1.0,1.0,1.0,0.0,-3.5253787923902937
1460,1.0,0.0,0.0,1.0,2.0,3.0,5.0,5.0,1.0,0.0,0.0,2.0015051948937383
1189,1.0,1.0,1.0,0.0,2.0,5.0,1.0,4.0,1.0,1.0,1.0,2.6820070737084505
1326,0.0,0.0,1.0,1.0,0.0,1.0,2.0,2.0,1.0,1.0,0.0,15.87393269271903
806,1.0,0.0,1.0,0.0,4.0,3.0,5.0,5.0,0.0,1.0,0.0,1.1583400262424002
402,1.0,0.0,0.0,1.0,5.0,0.0,3.0,1.0,0.0,0.0,1.0,17.111151804309767
476,0.0,0.0,1.0,0.0,0.0,0.0,3.0,4.0,0.0,1.0,1.0,18.257404991378152
1527,0.0,1.0,1.0,1.0,2.0,4.0,5.0,5.0,1.0,1.0,0.0,0.4307120851644797
634,0.0,1.0,0.0,0.0,0.0,5.0,5.0,2.0,0.0,1.0,0.0,11.255875822335142
1489,0.0,1.0,0.0,1.0,2.0,5.0,1.0,5.0,1.0,0.0,0.0,17.11738456760651
287,1.0,1.0,0.0,1.0,3.0,2.0,2.0,2.0,0.0,0.0,1.0,1.37765780207258
282,0.0,0.0,1.0,0.0,3.0,4.0,4.0,4.0,0.0,0.0,1.0,2.5196518062469178
148,0.0,1.0,0.0,1.0,1.0,0.0,4.0,0.0,0.0,0.0,1.0,19.82643629918084
1208,0.0,0.0,1.0,0.0,3.0,4.0,4.0,4.0,1.0,1.0,0.0,10.088253995871543
652,0.0,1.0,1.0,1.0,3.0,1.0,2.0,1.0,0.0,1.0,1.0,7.228193542344176
645,0.0,1.0,0.0,0.0,1.0,2.0,0.0,2.0,0.0,1.0,1.0,20.159817097912143
1058,1.0,1.0,0.0,0.0,1.0,2.0,5.0,3.0,1.0,1.0,0.0,15.062287342702051
1660,1.0,1.0,1.0,1.0,4.0,1.0,2.0,2.0,1.0,1.0,0.0,5.70874644583461
1525,0.0,1.0,1.0,1.0,2.0,1.0,1.0,2.0,1.0,1.0,0.0,-1.1403279153556989
913,1.0,1.0,0.0,0.0,0.0,3.0,1.0,3.0,1.0,0.0,0.0,0.7797247194849541
1029,0.0,1.0,0.0,0.0,1.0,0.0,2.0,2.0,1.0,1.0,1.0,5.181427037306992
214,0.0,0.0,1.0,0.0,2.0,3.0,0.0,0.0,0.0,0.0,0.0,0.828510244562116
1338,0.0,0.0,1.0,1.0,0.0,5.0,4.0,4.0,1.0,1.0,1.0,1.4886937026532765
133,0.0,0.0,0.0,0.0,1.0,1.0,2.0,2.0,0.0,0.0,1.0,4.1492635237395135
164,0.0,0.0,1.0,0.0,1.0,0.0,5.0,2.0,0.0,0.0,1.0,2.233698158552186
1621,1.0,1.0,1.0,1.0,4.0,1.0,3.0,1.0,1.0,0.0,1.0,0.7109207929813186
1036,0.0,1.0,0.0,0.0,1.0,4.0,5.0,1.0,1.0,1.0,0.0,10.638300139594088
848,1.0,1.0,1.0,1.0,5.0,1.0,2.0,2.0,0.0,1.0,0.0,-1.2111401235933572
889,0.0,0.0,0.0,0.0,5.0,1.0,2.0,2.0,1.0,0.0,0.0,18.695891120065586
3,0.0,0.0,1.0,0.0,0.0,2.0,1.0,1.0,0.0,0.0,1.0,11.093272821025051
1311,0.0,0.0,0.0,1.0,0.0,0.0,5.0,5.0,1.0,0.0,1.0,0.7716099521660293
99,1.0,1.0,0.0,0.0,0.0,1.0,2.0,2.0,0.0,0.0,1.0,14.935733210417151
1334,0.0,0.0,1.0,1.0,0.0,1.0,1.0,1.0,1.0,1.0,0.0,5.461129200358991
380,1.0,1.0,1.0,0.0,4.0,2.0,1.0,2.0,0.0,0.0,0.0,1.4491211805907138
1142,1.0,0.0,1.0,0.0,1.0,0.0,0.0,0.0,1.0,0.0,0.0,-4.642053305758483
242,1.0,1.0,1.0,1.0,2.0,1.0,0.0,1.0,0.0,0.0,1.0,-2.8280152727057275
1433,0.0,0.0,1.0,1.0,1.0,3.0,1.0,1.0,1.0,1.0,1.0,-2.6793662917969963
1619,1.0,1.0,1.0,1.0,4.0,4.0,4.0,0.0,1.0,0.0,0.0,0.6371002699791948
957,0.0,0.0,0.0,0.0,2.0,1.0,5.0,5.0,1.0,0.0,1.0,-2.1263079334426784
339,1.0,0.0,0.0,0.0,4.0,3.0,3.0,3.0,0.0,0.0,1.0,18.35321369828631
1028,0.0,1.0,0.0,0.0,0.0,3.0,4.0,5.0,1.0,1.0,1.0,13.293294000892809
1088,1.0,1.0,0.0,0.0,5.0,1.0,5.0,5.0,1.0,1.0,0.0,2.3433015837491435
301,1.0,0.0,1.0,1.0,3.0,1.0,5.0,1.0,0.0,0.0,0.0,2.4852467410132046
1504,1.0,0.0,0.0,1.0,2.0,4.0,3.0,1.0,1.0,1.0,0.0,15.39439206058132
571,0.0,0.0,1.0,0.0,4.0,5.0,3.0,3.0,0.0,1.0,1.0,6.256489144500744
731,1.0,1.0,0.0,0.0,1.0,0.0,5.0,5.0,0.0,1.0,1.0,11.466262324687987
604,0.0,0.0,1.0,1.0,5.0,4.0,1.0,5.0,0.0,1.0,1.0,21.919417622911823
1126,0.0,0.0,1.0,0.0,0.0,0.0,2.0,2.0,1.0,1.0,0.0,21.00975727622474
1365,1.0,1.0,0.0,1.0,0.0,5.0,0.0,0.0,1.0,0.0,1.0,15.558784257183824
691,1.0,0.0,0.0,0.0,0.0,1.0,4.0,4.0,0.0,1.0,0.0,2.1535015421821058
340,1.0,1.0,0.0,1.0,4.0,4.0,3.0,1.0,0.0,0.0,0.0,-4.7709355660514685
1113,1.0,1.0,1.0,0.0,0.0,0.0,2.0,0.0,1.0,1.0,1.0,17.703217513404475
663,0.0,1.0,0.0,1.0,5.0,2.0,4.0,4.0,0.0,1.0,1.0,11.715399629616575
205,1.0,0.0,0.0,1.0,2.0,4.0,5.0,0.0,0.0,0.0,1.0,12.776086531703086
1733,1.0,1.0,1.0,1.0,5.0,2.0,0.0,1.0,1.0,1.0,0.0,9.3243459739979
1213,1.0,0.0,1.0,0.0,3.0,0.0,0.0,0.0,1.0,0.0,0.0,12.414681664398724
1395,0.0,0.0,0.0,1.0,1.0,1.0,4.0,4.0,1.0,0.0,0.0,20.150074844591167
208,0.0,1.0,0.0,1.0,2.0,1.0,4.0,4.0,0.0,0.0,1.0,14.060083938955206
867,1.0,1.0,0.0,1.0,5.0,3.0,2.0,2.0,0.0,1.0,1.0,12.533485922694393
1376,1.0,1.0,0.0,1.0,0.0,3.0,2.0,2.0,1.0,0.0,0.0,3.986580366173399
765,1.0,1.0,1.0,1.0,2.0,0.0,4.0,4.0,0.0,1.0,1.0,-2.4616106802609807
742,1.0,1.0,0.0,1.0,1.0,1.0,5.0,5.0,0.0,1.0,1.0,16.56870144320575
392,1.0,1.0,1.0,1.0,4.0,5.0,1.0,4.0,0.0,0.0,1.0,3.8159999972674576
420,0.0,1.0,0.0,0.0,5.0,2.0,1.0,0.0,0.0,0.0,1.0,14.067605343441585
1044,1.0,0.0,0.0,0.0,2.0,4.0,2.0,5.0,1.0,1.0,1.0,-0.057151839921862
1467,0.0,0.0,0.0,1.0,2.0,2.0,0.0,2.0,1.0,0.0,0.0,-4.298085797751148
1506,1.0,0.0,0.0,1.0,2.0,4.0,0.0,3.0,1.0,1.0,1.0,8.754765221675234
387,0.0,0.0,1.0,1.0,4.0,2.0,3.0,3.0,0.0,0.0,1.0,4.673452894324857
792,1.0,1.0,1.0,1.0,3.0,5.0,2.0,2.0,0.0,1.0,1.0,12.34363232478891
717,1.0,0.0,1.0,1.0,1.0,4.0,2.0,5.0,0.0,1.0,0.0,21.72823271281913
222,0.0,0.0,1.0,1.0,2.0,3.0,1.0,1.0,0.0,0.0,0.0,6.806313787910392
799,1.0,1.0,0.0,1.0,3.0,3.0,2.0,2.0,0.0,1.0,1.0,14.880378242948208
934,1.0,1.0,0.0,0.0,5.0,0.0,4.0,1.0,1.0,0.0,0.0,5.16170560153185
1655,1.0,1.0,1.0,1.0,4.0,0.0,2.0,2.0,1.0,1.0,1.0,20.766864315825494
1250,1.0,0.0,1.0,0.0,4.0,5.0,0.0,5.0,1.0,1.0,0.0,6.282464503120785
496,0.0,0.0,0.0,1.0,1.0,1.0,0.0,0.0,0.0,1.0,0.0,0.917238377593625
362,0.0,0.0,1.0,0.0,4.0,2.0,0.0,5.0,0.0,0.0,0.0,-3.644946019126996
398,1.0,1.0,0.0,1.0,5.0,0.0,2.0,2.0,0.0,0.0,0.0,19.9442913841997
966,1.0,1.0,0.0,0.0,1.0,4.0,2.0,0.0,1.0,0.0,1.0,0.2979712179519191
642,0.0,1.0,0.0,0.0,5.0,2.0,3.0,2.0,0.0,1.0,1.0,10.117610196362284
1265,0.0,0.0,1.0,0.0,4.0,3.0,5.0,5.0,1.0,1.0,0.0,-1.8609734792810992
1584,0.0,0.0,0.0,1.0,3.0,5.0,3.0,2.0,1.0,1.0,0.0,11.932300516693758
783,1.0,1.0,0.0,1.0,3.0,3.0,2.0,2.0,0.0,1.0,0.0,15.326802806570504
1216,0.0,0.0,1.0,0.0,3.0,3.0,3.0,2.0,1.0,0.0,0.0,7.511171634688742
635,0.0,1.0,1.0,0.0,5.0,0.0,2.0,1.0,0.0,1.0,0.0,12.112909078405512
109,1.0,1.0,0.0,0.0,1.0,1.0,1.0,3.0,0.0,0.0,0.0,3.6017256157508264
902,1.0,0.0,0.0,0.0,4.0,3.0,1.0,1.0,1.0,0.0,0.0,9.38014808423578
1726,1.0,1.0,1.0,1.0,5.0,0.0,2.0,1.0,1.0,0.0,1.0,13.453131703683471
1656,1.0,1.0,0.0,1.0,4.0,1.0,0.0,1.0,1.0,1.0,0.0,15.182977389734155
115,1.0,0.0,0.0,0.0,1.0,5.0,5.0,5.0,0.0,0.0,0.0,9.493840749791584
861,1.0,0.0,0.0,0.0,5.0,1.0,3.0,5.0,0.0,1.0,1.0,15.231501601374935
1532,0.0,1.0,0.0,1.0,2.0,0.0,1.0,3.0,1.0,1.0,1.0,11.195146948381588
801,1.0,1.0,0.0,1.0,3.0,3.0,2.0,5.0,0.0,1.0,1.0,7.184804379817235
1007,0.0,0.0,0.0,0.0,3.0,2.0,2.0,2.0,1.0,1.0,1.0,2.688047802556156
1449,0.0,1.0,1.0,1.0,1.0,3.0,0.0,0.0,1.0,1.0,1.0,5.426969423647
400,0.0,0.0,0.0,1.0,5.0,1.0,2.0,2.0,0.0,0.0,0.0,12.41375286024304
1038,1.0,0.0,0.0,0.0,2.0,1.0,4.0,4.0,1.0,1.0,0.0,5.271635233778548
25,0.0,1.0,0.0,1.0,0.0,2.0,3.0,0.0,0.0,0.0,1.0,0.8987694578323158
1340,0.0,0.0,1.0,1.0,0.0,2.0,5.0,5.0,1.0,0.0,0.0,0.0709008504402
514,0.0,0.0,0.0,0.0,2.0,3.0,3.0,1.0,0.0,1.0,1.0,21.871657751770883
531,0.0,0.0,0.0,1.0,2.0,5.0,1.0,4.0,0.0,1.0,1.0,17.582258188183445
1351,1.0,1.0,1.0,1.0,0.0,2.0,1.0,5.0,1.0,1.0,0.0,9.2818201774198
1331,0.0,0.0,1.0,1.0,0.0,3.0,3.0,1.0,1.0,0.0,0.0,17.273448250972585
101,1.0,1.0,0.0,1.0,0.0,0.0,4.0,4.0,0.0,0.0,1.0,4.3768525357006105
153,0.0,0.0,0.0,1.0,1.0,3.0,4.0,5.0,0.0,0.0,1.0,-1.817978891209254
1148,0.0,0.0,1.0,0.0,1.0,2.0,3.0,2.0,1.0,1.0,1.0,16.527091457884787
441,1.0,0.0,1.0,1.0,5.0,0.0,3.0,3.0,0.0,0.0,1.0,10.03971175876023
427,1.0,0.0,1.0,1.0,5.0,2.0,3.0,3.0,0.0,0.0,1.0,20.53818859387453
431,0.0,1.0,1.0,0.0,5.0,0.0,3.0,3.0,0.0,0.0,1.0,14.405314464991438
253,0.0,0.0,0.0,1.0,3.0,1.0,5.0,5.0,0.0,0.0,0.0,0.0448583257746859
1720,1.0,1.0,0.0,1.0,5.0,5.0,0.0,5.0,1.0,0.0,1.0,16.49761347673607
793,1.0,0.0,0.0,0.0,3.0,2.0,5.0,1.0,0.0,1.0,1.0,8.24760837149677
878,0.0,0.0,0.0,0.0,3.0,1.0,1.0,1.0,1.0,0.0,0.0,6.750013846510793
846,1.0,0.0,0.0,1.0,5.0,3.0,3.0,1.0,0.0,1.0,0.0,19.24393077983314
311,1.0,1.0,0.0,0.0,3.0,3.0,0.0,0.0,0.0,0.0,1.0,-3.7810293123607104
488,0.0,0.0,0.0,0.0,1.0,4.0,4.0,1.0,0.0,1.0,0.0,13.458736364250653
1459,0.0,0.0,1.0,1.0,2.0,1.0,2.0,0.0,1.0,0.0,1.0,-1.7953294757773763
470,0.0,0.0,0.0,1.0,0.0,4.0,1.0,4.0,0.0,1.0,0.0,12.71438776825627
1112,0.0,1.0,1.0,0.0,0.0,5.0,0.0,1.0,1.0,1.0,1.0,9.474029548935253
314,0.0,0.0,0.0,0.0,4.0,3.0,4.0,4.0,0.0,0.0,0.0,7.8755212852176815
1004,0.0,0.0,0.0,0.0,4.0,0.0,4.0,4.0,1.0,1.0,1.0,11.703659290815157
601,0.0,0.0,1.0,1.0,5.0,3.0,4.0,4.0,0.0,1.0,0.0,17.983957698786586
786,1.0,1.0,0.0,1.0,3.0,4.0,4.0,4.0,0.0,1.0,0.0,17.140114137712697
303,1.0,1.0,0.0,0.0,3.0,1.0,3.0,0.0,0.0,0.0,1.0,15.08911029358407
1271,1.0,1.0,1.0,0.0,5.0,0.0,1.0,2.0,1.0,0.0,0.0,15.743605441778517
992,0.0,0.0,0.0,0.0,1.0,4.0,3.0,2.0,1.0,1.0,0.0,6.830904313872773
863,1.0,0.0,1.0,1.0,5.0,4.0,3.0,3.0,0.0,1.0,1.0,-4.604975568402585
898,1.0,0.0,0.0,0.0,4.0,2.0,0.0,4.0,1.0,0.0,0.0,6.994764587635707
1509,0.0,0.0,0.0,1.0,2.0,0.0,0.0,0.0,1.0,1.0,1.0,5.978718595234794
1289,0.0,1.0,1.0,0.0,5.0,1.0,0.0,0.0,1.0,1.0,1.0,14.34041835295708
777,1.0,1.0,1.0,0.0,3.0,1.0,5.0,0.0,0.0,1.0,0.0,-3.0214857247232705
1342,1.0,0.0,1.0,1.0,0.0,0.0,1.0,3.0,1.0,0.0,0.0,19.05759215698582
1352,1.0,1.0,1.0,1.0,0.0,1.0,0.0,0.0,1.0,0.0,0.0,-3.685924941759669
930,1.0,1.0,0.0,0.0,0.0,5.0,5.0,0.0,1.0,0.0,0.0,3.017151860091984
918,1.0,1.0,0.0,0.0,2.0,3.0,2.0,4.0,1.0,0.0,0.0,1.8277294224617415
1191,1.0,1.0,1.0,0.0,2.0,4.0,5.0,1.0,1.0,1.0,0.0,10.813430540193716
779,1.0,1.0,1.0,0.0,3.0,1.0,2.0,0.0,0.0,1.0,0.0,16.975546016137184
794,1.0,1.0,0.0,1.0,3.0,1.0,2.0,0.0,0.0,1.0,1.0,-1.4941334812434626
836,1.0,1.0,1.0,1.0,4.0,0.0,3.0,3.0,0.0,1.0,0.0,12.90044926446632
492,0.0,0.0,0.0,1.0,1.0,3.0,1.0,2.0,0.0,1.0,0.0,4.488982538835824
729,1.0,1.0,1.0,1.0,1.0,4.0,2.0,2.0,0.0,1.0,1.0,-2.129522162629815
1027,0.0,1.0,0.0,0.0,2.0,0.0,5.0,5.0,1.0,1.0,1.0,18.41752586707336
351,1.0,1.0,0.0,0.0,4.0,3.0,0.0,5.0,0.0,0.0,0.0,18.44943425209912
464,0.0,0.0,1.0,1.0,0.0,4.0,3.0,3.0,0.0,1.0,0.0,5.613991088743159
542,0.0,0.0,1.0,1.0,3.0,1.0,5.0,5.0,0.0,1.0,0.0,8.907600484381032
1502,1.0,0.0,1.0,1.0,2.0,1.0,1.0,1.0,1.0,1.0,0.0,4.716658207535268
1021,0.0,1.0,0.0,0.0,5.0,5.0,3.0,3.0,1.0,1.0,0.0,10.55505011255192
56,1.0,1.0,1.0,0.0,0.0,5.0,1.0,1.0,0.0,0.0,0.0,8.075561132097814
233,0.0,1.0,1.0,0.0,2.0,3.0,0.0,1.0,0.0,0.0,1.0,9.520511487953524
1086,1.0,1.0,0.0,0.0,1.0,4.0,5.0,4.0,1.0,1.0,0.0,6.016450537134608
157,0.0,0.0,0.0,0.0,1.0,0.0,5.0,5.0,0.0,0.0,1.0,8.437670353555287
1650,0.0,1.0,0.0,1.0,4.0,3.0,3.0,3.0,1.0,1.0,1.0,8.623033489379521
1327,0.0,0.0,1.0,1.0,0.0,5.0,1.0,1.0,1.0,1.0,1.0,3.330846728264099
1231,1.0,1.0,1.0,0.0,3.0,0.0,0.0,0.0,1.0,1.0,1.0,18.96583017116402
1554,0.0,0.0,0.0,1.0,3.0,5.0,2.0,2.0,1.0,0.0,1.0,-4.132861785285816
194,1.0,1.0,0.0,0.0,2.0,5.0,1.0,5.0,0.0,0.0,1.0,16.019560141903316
1276,1.0,1.0,1.0,0.0,5.0,1.0,1.0,1.0,1.0,0.0,0.0,12.193483923938572
1115,0.0,1.0,1.0,0.0,0.0,1.0,4.0,4.0,1.0,1.0,1.0,-4.142740314253894
1362,1.0,1.0,0.0,1.0,0.0,2.0,0.0,3.0,1.0,1.0,0.0,7.611465815270865
1732,1.0,1.0,0.0,1.0,5.0,5.0,2.0,2.0,1.0,1.0,0.0,10.868076335189476
196,0.0,0.0,0.0,1.0,2.0,1.0,3.0,5.0,0.0,0.0,1.0,21.1073386750005
396,0.0,1.0,0.0,0.0,5.0,4.0,3.0,3.0,0.0,0.0,1.0,-0.0183017042433739
155,1.0,1.0,0.0,0.0,1.0,0.0,2.0,0.0,0.0,0.0,1.0,14.457627482305814
824,1.0,1.0,1.0,1.0,4.0,4.0,1.0,1.0,0.0,1.0,1.0,6.970367356664722
1594,0.0,0.0,0.0,1.0,4.0,5.0,3.0,4.0,1.0,0.0,0.0,21.92032716936461
568,0.0,0.0,0.0,0.0,4.0,0.0,3.0,0.0,0.0,1.0,0.0,6.852686741619401
1108,0.0,1.0,1.0,0.0,0.0,0.0,1.0,1.0,1.0,0.0,0.0,0.1436332822915673
1450,0.0,1.0,0.0,1.0,1.0,1.0,4.0,1.0,1.0,1.0,0.0,6.984435919181113
453,1.0,1.0,1.0,0.0,5.0,5.0,3.0,0.0,0.0,0.0,0.0,17.732186684266562
1074,1.0,1.0,0.0,0.0,1.0,5.0,3.0,1.0,1.0,1.0,0.0,10.970430238871929
1702,0.0,0.0,1.0,1.0,5.0,3.0,4.0,4.0,1.0,0.0,0.0,-4.3897808470586055
254,0.0,0.0,0.0,1.0,3.0,4.0,1.0,2.0,0.0,0.0,1.0,-3.618320711178981
296,1.0,1.0,1.0,0.0,3.0,0.0,0.0,0.0,0.0,0.0,1.0,3.68929956795156
345,1.0,1.0,0.0,0.0,4.0,1.0,0.0,0.0,0.0,0.0,1.0,8.789288084233437
137,1.0,1.0,0.0,1.0,1.0,1.0,2.0,2.0,0.0,0.0,1.0,19.699690987036647
1441,1.0,1.0,1.0,1.0,1.0,3.0,3.0,3.0,1.0,1.0,1.0,0.2287104654187057
1593,1.0,0.0,0.0,1.0,3.0,2.0,0.0,3.0,1.0,1.0,1.0,15.156916199560936
669,0.0,1.0,1.0,1.0,2.0,2.0,1.0,1.0,0.0,1.0,0.0,1.2684669274847895
1092,1.0,1.0,0.0,0.0,3.0,0.0,5.0,5.0,1.0,1.0,0.0,5.461741082093024
475,0.0,0.0,0.0,1.0,0.0,0.0,0.0,0.0,0.0,1.0,0.0,6.836498216651346
383,1.0,1.0,1.0,1.0,4.0,4.0,5.0,4.0,0.0,0.0,1.0,6.703611301474281
1670,1.0,0.0,0.0,1.0,4.0,0.0,4.0,0.0,1.0,1.0,1.0,-4.267987785677137
409,1.0,1.0,0.0,0.0,5.0,4.0,1.0,1.0,0.0,0.0,0.0,0.3184765749390799
1623,0.0,1.0,1.0,1.0,4.0,0.0,3.0,3.0,1.0,0.0,1.0,14.660008396548925
1471,1.0,1.0,1.0,1.0,2.0,0.0,1.0,1.0,1.0,0.0,0.0,8.46265409408995
927,0.0,1.0,0.0,0.0,4.0,0.0,4.0,4.0,1.0,0.0,0.0,1.0244516813259257
528,0.0,0.0,1.0,0.0,2.0,4.0,0.0,5.0,0.0,1.0,1.0,-0.0750145900726089
1134,1.0,1.0,1.0,0.0,1.0,2.0,2.0,5.0,1.0,1.0,0.0,15.203191841136594
1175,1.0,1.0,1.0,0.0,2.0,0.0,1.0,0.0,1.0,0.0,1.0,15.54041524012645
1012,0.0,0.0,0.0,0.0,2.0,1.0,3.0,4.0,1.0,1.0,1.0,5.370761191968484
31,0.0,0.0,1.0,1.0,0.0,5.0,2.0,3.0,0.0,0.0,0.0,-4.084629722303914
405,1.0,0.0,0.0,1.0,5.0,1.0,0.0,0.0,0.0,0.0,0.0,-4.464153877750513
1266,1.0,1.0,1.0,0.0,5.0,1.0,2.0,5.0,1.0,1.0,0.0,-2.9323042486395154
1718,1.0,1.0,0.0,1.0,5.0,4.0,2.0,2.0,1.0,0.0,0.0,4.395951965237812
160,0.0,0.0,0.0,0.0,1.0,2.0,3.0,3.0,0.0,0.0,1.0,20.084864240617584
937,0.0,0.0,0.0,0.0,5.0,5.0,0.0,3.0,1.0,0.0,1.0,8.990169403823591
591,0.0,0.0,0.0,1.0,4.0,5.0,1.0,1.0,0.0,1.0,1.0,17.258591688994475
823,1.0,1.0,1.0,0.0,4.0,3.0,4.0,4.0,0.0,1.0,1.0,14.222982847962616
701,1.0,1.0,1.0,0.0,0.0,4.0,0.0,0.0,0.0,1.0,1.0,2.993021346756297
896,0.0,0.0,0.0,0.0,2.0,3.0,4.0,4.0,1.0,0.0,0.0,13.056191807794647
327,0.0,0.0,0.0,0.0,4.0,1.0,0.0,0.0,0.0,0.0,1.0,17.83647615840422
1654,1.0,0.0,0.0,1.0,4.0,5.0,3.0,3.0,1.0,1.0,0.0,11.297204475139356
529,0.0,0.0,1.0,0.0,2.0,2.0,3.0,3.0,0.0,1.0,1.0,21.473113635637503
306,1.0,1.0,0.0,1.0,3.0,4.0,1.0,1.0,0.0,0.0,1.0,2.05476889032626
813,1.0,1.0,0.0,0.0,4.0,4.0,2.0,2.0,0.0,1.0,1.0,11.438223304396256
1310,0.0,0.0,0.0,1.0,0.0,4.0,3.0,3.0,1.0,1.0,1.0,3.7039036038522166
870,1.0,1.0,0.0,1.0,5.0,4.0,3.0,3.0,0.0,1.0,1.0,8.238097862462055
912,1.0,1.0,0.0,0.0,5.0,4.0,2.0,2.0,1.0,0.0,0.0,13.767162657437382
1001,0.0,0.0,0.0,0.0,1.0,2.0,4.0,5.0,1.0,1.0,0.0,-4.659126374765222
167,1.0,1.0,1.0,0.0,1.0,5.0,1.0,0.0,0.0,0.0,1.0,4.478052688956691
1648,0.0,0.0,0.0,1.0,4.0,0.0,2.0,2.0,1.0,1.0,1.0,18.58402123468752
1706,0.0,0.0,1.0,1.0,5.0,4.0,2.0,1.0,1.0,1.0,0.0,1.930465029820633
1671,1.0,0.0,1.0,1.0,4.0,3.0,1.0,1.0,1.0,1.0,1.0,19.0344765277664
1089,1.0,1.0,0.0,0.0,1.0,4.0,3.0,0.0,1.0,1.0,1.0,0.0947752980889617
854,1.0,1.0,0.0,0.0,5.0,1.0,4.0,4.0,0.0,1.0,0.0,9.769051038146795
1394,1.0,0.0,0.0,1.0,1.0,3.0,2.0,2.0,1.0,0.0,0.0,5.33528825506605
901,1.0,0.0,0.0,0.0,3.0,0.0,1.0,1.0,1.0,0.0,0.0,16.288525168749644
1020,0.0,1.0,0.0,0.0,4.0,5.0,1.0,1.0,1.0,1.0,1.0,0.8478373283208533
1243,1.0,0.0,1.0,0.0,4.0,3.0,5.0,4.0,1.0,0.0,0.0,20.221850582819584
49,1.0,1.0,0.0,0.0,0.0,2.0,5.0,5.0,0.0,0.0,0.0,3.938406315882716
440,0.0,0.0,1.0,1.0,5.0,1.0,0.0,4.0,0.0,0.0,0.0,14.386415433335516
16,0.0,0.0,0.0,1.0,0.0,5.0,2.0,2.0,0.0,0.0,1.0,0.3520623114038086
1510,0.0,0.0,0.0,1.0,2.0,3.0,3.0,1.0,1.0,1.0,0.0,3.253035845259234
114,1.0,1.0,1.0,0.0,1.0,1.0,3.0,3.0,0.0,0.0,0.0,6.786684220717149
504,0.0,0.0,0.0,1.0,1.0,0.0,0.0,0.0,0.0,1.0,1.0,4.79968362263547
299,1.0,1.0,1.0,0.0,3.0,3.0,1.0,1.0,0.0,0.0,0.0,6.974808819700501
1424,0.0,0.0,0.0,1.0,1.0,1.0,2.0,2.0,1.0,1.0,1.0,0.4444627191790555
597,0.0,0.0,1.0,0.0,5.0,0.0,0.0,0.0,0.0,1.0,0.0,11.156690716365937
1565,1.0,0.0,1.0,1.0,3.0,1.0,0.0,0.0,1.0,0.0,0.0,14.987947304150447
559,0.0,0.0,1.0,1.0,3.0,1.0,3.0,3.0,0.0,1.0,1.0,4.904187711850673
175,0.0,1.0,1.0,1.0,1.0,3.0,1.0,1.0,0.0,0.0,1.0,20.995747463106166
1579,0.0,1.0,0.0,1.0,3.0,3.0,3.0,3.0,1.0,1.0,1.0,8.902772705658222
517,0.0,0.0,1.0,0.0,2.0,2.0,2.0,1.0,0.0,1.0,0.0,6.290635624346473
941,0.0,0.0,0.0,0.0,5.0,5.0,4.0,4.0,1.0,0.0,1.0,11.510987392916824
672,0.0,1.0,1.0,1.0,5.0,2.0,5.0,2.0,0.0,1.0,1.0,5.48777670788804
1700,0.0,0.0,1.0,1.0,5.0,5.0,4.0,4.0,1.0,1.0,0.0,19.388360113095167
33,0.0,0.0,1.0,1.0,0.0,5.0,2.0,0.0,0.0,0.0,0.0,6.014364027719541
880,0.0,0.0,0.0,0.0,5.0,5.0,3.0,3.0,1.0,0.0,0.0,14.812912433500047
1094,0.0,0.0,1.0,0.0,0.0,0.0,2.0,2.0,1.0,0.0,1.0,5.709938200275113
761,1.0,1.0,1.0,1.0,2.0,5.0,4.0,0.0,0.0,1.0,0.0,11.064833325998372
903,1.0,1.0,0.0,0.0,0.0,1.0,5.0,0.0,1.0,0.0,0.0,-2.5892398192495065
184,0.0,0.0,0.0,0.0,2.0,5.0,5.0,5.0,0.0,0.0,1.0,18.9547659642832
905,1.0,1.0,0.0,0.0,4.0,5.0,4.0,4.0,1.0,0.0,0.0,-3.7735055972233664
873,0.0,0.0,0.0,0.0,0.0,5.0,3.0,4.0,1.0,0.0,0.0,9.436361516159735
372,0.0,0.0,1.0,0.0,4.0,1.0,2.0,2.0,0.0,0.0,1.0,13.08993110692338
1165,1.0,1.0,1.0,0.0,1.0,0.0,0.0,0.0,1.0,1.0,1.0,14.225690469362494
974,0.0,1.0,0.0,0.0,5.0,4.0,3.0,0.0,1.0,0.0,1.0,-3.917879853305938
1473,1.0,1.0,0.0,1.0,2.0,0.0,4.0,4.0,1.0,0.0,1.0,2.3676514423465367
943,0.0,0.0,0.0,0.0,1.0,0.0,3.0,3.0,1.0,0.0,1.0,0.3131640503363391
952,0.0,0.0,0.0,0.0,5.0,5.0,2.0,4.0,1.0,0.0,1.0,16.265702019932135
1633,0.0,0.0,0.0,1.0,4.0,4.0,1.0,1.0,1.0,1.0,1.0,4.522361925286537
745,1.0,1.0,0.0,1.0,1.0,0.0,0.0,0.0,0.0,1.0,1.0,-2.3120331361572277
352,1.0,1.0,0.0,0.0,4.0,4.0,2.0,0.0,0.0,0.0,0.0,13.466382368349098
62,1.0,0.0,0.0,1.0,0.0,4.0,4.0,2.0,0.0,0.0,0.0,7.647862703159571
856,1.0,1.0,0.0,1.0,5.0,4.0,3.0,2.0,0.0,1.0,1.0,14.69497207537416
872,0.0,0.0,0.0,0.0,2.0,0.0,0.0,0.0,1.0,0.0,0.0,-0.1796499848249428
1665,1.0,1.0,1.0,1.0,4.0,3.0,0.0,5.0,1.0,1.0,0.0,8.660232657799938
619,0.0,1.0,0.0,0.0,5.0,3.0,5.0,2.0,0.0,1.0,0.0,13.292327535347766
523,0.0,0.0,1.0,0.0,2.0,1.0,4.0,4.0,0.0,1.0,1.0,6.754801322465607
44,1.0,1.0,0.0,1.0,0.0,1.0,2.0,2.0,0.0,0.0,0.0,-1.56952481071305
690,1.0,1.0,0.0,1.0,0.0,0.0,0.0,0.0,0.0,1.0,0.0,3.782433023436278
1118,1.0,1.0,1.0,0.0,0.0,3.0,0.0,4.0,1.0,1.0,0.0,-1.082896778658589
778,1.0,1.0,0.0,1.0,3.0,2.0,1.0,1.0,0.0,1.0,0.0,10.757261706375004
1345,0.0,1.0,0.0,1.0,0.0,1.0,0.0,0.0,1.0,0.0,0.0,19.596804432158457
1701,0.0,0.0,1.0,1.0,5.0,0.0,4.0,4.0,1.0,1.0,0.0,-2.816894427825132
822,1.0,1.0,1.0,0.0,4.0,0.0,4.0,4.0,0.0,1.0,1.0,12.921362040700595
271,0.0,1.0,1.0,1.0,3.0,3.0,3.0,4.0,0.0,0.0,0.0,2.562802292610577
1343,0.0,0.0,1.0,1.0,0.0,0.0,1.0,1.0,1.0,0.0,1.0,1.6959885089447058
1386,1.0,1.0,0.0,1.0,0.0,5.0,5.0,0.0,1.0,0.0,0.0,17.45580932307187
1419,1.0,1.0,1.0,1.0,1.0,4.0,5.0,2.0,1.0,0.0,1.0,10.427631568290591
684,1.0,0.0,1.0,1.0,0.0,5.0,4.0,1.0,0.0,1.0,0.0,6.482314761175065
1640,0.0,0.0,0.0,1.0,4.0,1.0,3.0,3.0,1.0,1.0,1.0,4.999979973799812
1014,0.0,0.0,0.0,0.0,3.0,3.0,5.0,3.0,1.0,1.0,1.0,15.611425586992052
894,1.0,0.0,0.0,0.0,1.0,2.0,5.0,4.0,1.0,0.0,0.0,19.174125766992223
1598,0.0,0.0,0.0,1.0,4.0,0.0,1.0,1.0,1.0,0.0,0.0,3.5946535861063253
337,1.0,1.0,0.0,0.0,4.0,3.0,0.0,0.0,0.0,0.0,0.0,-0.7193171283363053
1442,1.0,1.0,1.0,1.0,1.0,2.0,4.0,4.0,1.0,1.0,1.0,11.537213566332431
1364,1.0,1.0,1.0,1.0,0.0,3.0,3.0,3.0,1.0,1.0,1.0,-0.1743209733921142
59,1.0,1.0,1.0,1.0,0.0,1.0,4.0,3.0,0.0,0.0,0.0,6.432941227357627
1689,0.0,0.0,0.0,1.0,5.0,4.0,4.0,3.0,1.0,0.0,0.0,12.530904489796612
1526,1.0,1.0,0.0,1.0,2.0,5.0,3.0,3.0,1.0,1.0,1.0,17.520598664423805
1521,0.0,1.0,1.0,1.0,2.0,0.0,0.0,5.0,1.0,1.0,1.0,11.166862479325026
39,1.0,1.0,1.0,0.0,0.0,5.0,2.0,4.0,0.0,0.0,0.0,-0.0141935049664763
1372,1.0,1.0,0.0,1.0,0.0,2.0,5.0,0.0,1.0,1.0,1.0,4.437620942988236
1750,1.0,1.0,0.0,1.0,5.0,5.0,2.0,2.0,1.0,1.0,1.0,6.459538716113762
105,1.0,1.0,0.0,0.0,1.0,5.0,5.0,5.0,0.0,0.0,0.0,12.606100370885994
1503,0.0,0.0,0.0,1.0,2.0,5.0,2.0,0.0,1.0,1.0,1.0,-1.478798398323757
748,1.0,1.0,0.0,1.0,2.0,4.0,4.0,5.0,0.0,1.0,1.0,2.9061567613758648
466,0.0,0.0,1.0,0.0,0.0,2.0,1.0,1.0,0.0,1.0,0.0,19.54659449728354
36,0.0,0.0,1.0,1.0,0.0,5.0,3.0,5.0,0.0,0.0,1.0,11.465173853029947
1299,1.0,1.0,1.0,0.0,5.0,5.0,1.0,0.0,1.0,1.0,1.0,21.52773830023732
1294,0.0,1.0,1.0,0.0,5.0,0.0,0.0,0.0,1.0,1.0,1.0,17.59373325603072
1557,1.0,1.0,1.0,1.0,3.0,0.0,3.0,0.0,1.0,0.0,0.0,-0.2918446502819893
467,0.0,0.0,1.0,0.0,0.0,1.0,2.0,0.0,0.0,1.0,0.0,-3.6332961682854297
172,0.0,0.0,1.0,1.0,1.0,1.0,4.0,4.0,0.0,0.0,1.0,9.552535933484672
1693,1.0,0.0,1.0,1.0,5.0,2.0,2.0,2.0,1.0,1.0,0.0,17.437859331860874
343,1.0,1.0,0.0,0.0,4.0,0.0,0.0,5.0,0.0,0.0,0.0,1.6623778963083078
24,0.0,1.0,1.0,1.0,0.0,1.0,2.0,4.0,0.0,0.0,1.0,-3.710648275441279
993,0.0,0.0,0.0,0.0,1.0,1.0,0.0,1.0,1.0,1.0,0.0,8.045165940419253
1099,0.0,0.0,1.0,0.0,0.0,0.0,0.0,0.0,1.0,0.0,0.0,21.273240145984047
304,1.0,1.0,1.0,1.0,3.0,5.0,1.0,1.0,0.0,0.0,0.0,10.70114377106322
129,0.0,0.0,0.0,1.0,1.0,3.0,0.0,0.0,0.0,0.0,0.0,10.31691337967227
1033,0.0,1.0,0.0,0.0,4.0,1.0,2.0,5.0,1.0,1.0,1.0,-2.63697466855186
357,1.0,1.0,1.0,0.0,4.0,2.0,5.0,4.0,0.0,0.0,0.0,4.617735400045554
261,0.0,0.0,0.0,1.0,3.0,4.0,1.0,1.0,0.0,0.0,1.0,12.957701894322728
1587,1.0,1.0,1.0,1.0,3.0,2.0,0.0,4.0,1.0,1.0,1.0,4.175311661739132
1575,1.0,1.0,1.0,1.0,3.0,3.0,3.0,3.0,1.0,1.0,0.0,17.918616492806436
1658,1.0,1.0,0.0,1.0,4.0,1.0,2.0,2.0,1.0,1.0,0.0,-4.389498396040334
435,0.0,1.0,1.0,1.0,5.0,3.0,2.0,2.0,0.0,0.0,1.0,14.315380683510462
490,0.0,0.0,1.0,0.0,1.0,2.0,2.0,5.0,0.0,1.0,0.0,18.082580967659627
768,1.0,0.0,1.0,0.0,2.0,2.0,0.0,4.0,0.0,1.0,1.0,20.02345636922153
374,1.0,1.0,1.0,0.0,4.0,1.0,4.0,1.0,0.0,0.0,1.0,17.683884527688324
1537,0.0,0.0,0.0,1.0,3.0,0.0,0.0,3.0,1.0,0.0,1.0,15.285034746757376
722,1.0,1.0,1.0,0.0,1.0,4.0,3.0,1.0,0.0,1.0,0.0,-3.6455020413885166
1624,0.0,0.0,1.0,1.0,4.0,0.0,5.0,5.0,1.0,0.0,1.0,13.879023325195902
1642,0.0,0.0,0.0,1.0,4.0,3.0,2.0,2.0,1.0,1.0,1.0,20.946829678332
1497,0.0,0.0,1.0,1.0,2.0,1.0,1.0,1.0,1.0,1.0,0.0,18.529057770326197
647,0.0,1.0,1.0,0.0,2.0,2.0,1.0,1.0,0.0,1.0,0.0,2.696701747275978
1102,1.0,1.0,1.0,0.0,0.0,4.0,4.0,4.0,1.0,0.0,0.0,12.909991589644587
1187,0.0,0.0,1.0,0.0,2.0,2.0,0.0,2.0,1.0,1.0,0.0,-3.8223763835252775
161,1.0,1.0,1.0,1.0,1.0,0.0,0.0,3.0,0.0,0.0,1.0,5.395592336245947
816,1.0,1.0,1.0,0.0,4.0,5.0,0.0,2.0,0.0,1.0,0.0,-2.860856600649392
19,0.0,0.0,0.0,1.0,0.0,3.0,2.0,4.0,0.0,0.0,1.0,14.104340379698034
994,0.0,0.0,0.0,0.0,4.0,5.0,2.0,4.0,1.0,1.0,0.0,16.305322032190478
1328,1.0,0.0,1.0,1.0,0.0,3.0,5.0,5.0,1.0,0.0,1.0,18.57764970313109
685,1.0,0.0,1.0,0.0,0.0,1.0,5.0,4.0,0.0,1.0,0.0,11.070535053496744
785,1.0,1.0,1.0,0.0,3.0,4.0,0.0,0.0,0.0,1.0,0.0,1.457875244033529
1508,0.0,0.0,1.0,1.0,2.0,4.0,3.0,3.0,1.0,1.0,0.0,1.0385956007873345
52,1.0,1.0,0.0,1.0,0.0,3.0,5.0,5.0,0.0,0.0,0.0,20.907259768318585
1599,1.0,1.0,0.0,1.0,4.0,4.0,4.0,2.0,1.0,0.0,0.0,8.258458745850428
1149,0.0,0.0,1.0,0.0,1.0,2.0,0.0,0.0,1.0,0.0,1.0,19.418746574147743
1336,0.0,0.0,1.0,1.0,0.0,4.0,3.0,3.0,1.0,1.0,0.0,16.47230201575648
919,1.0,1.0,0.0,0.0,4.0,3.0,4.0,4.0,1.0,0.0,0.0,9.620517988792225
1168,1.0,1.0,1.0,0.0,2.0,0.0,2.0,3.0,1.0,0.0,1.0,18.795885922875723
640,0.0,1.0,1.0,0.0,5.0,5.0,4.0,4.0,0.0,1.0,0.0,10.536457254821636
1291,0.0,1.0,1.0,0.0,5.0,1.0,4.0,4.0,1.0,0.0,1.0,1.8337129715033509
590,0.0,0.0,1.0,1.0,4.0,4.0,1.0,1.0,0.0,1.0,0.0,-3.83496839280734
1318,1.0,0.0,0.0,1.0,0.0,1.0,1.0,4.0,1.0,0.0,1.0,20.277221816184618
707,1.0,1.0,1.0,1.0,0.0,4.0,4.0,4.0,0.0,1.0,1.0,3.7295279292830426
1713,1.0,1.0,1.0,1.0,5.0,2.0,0.0,0.0,1.0,0.0,0.0,7.782211625487008
558,0.0,0.0,0.0,0.0,3.0,3.0,2.0,2.0,0.0,1.0,0.0,-4.621993812762599
227,1.0,0.0,1.0,1.0,2.0,3.0,4.0,3.0,0.0,0.0,1.0,7.312578288062062
1313,0.0,0.0,0.0,1.0,0.0,0.0,1.0,5.0,1.0,0.0,1.0,14.22897381863936
1625,0.0,0.0,1.0,1.0,4.0,0.0,3.0,2.0,1.0,0.0,0.0,9.53520873164915
1690,1.0,0.0,1.0,1.0,5.0,3.0,5.0,4.0,1.0,0.0,0.0,17.07572395700358
1400,0.0,0.0,1.0,1.0,1.0,4.0,1.0,4.0,1.0,0.0,1.0,18.816681577323045
246,0.0,0.0,0.0,1.0,3.0,5.0,0.0,0.0,0.0,0.0,0.0,6.098872215190109
319,0.0,0.0,0.0,0.0,4.0,1.0,0.0,0.0,0.0,0.0,0.0,14.838219078729324
928,1.0,1.0,0.0,0.0,5.0,4.0,1.0,0.0,1.0,0.0,0.0,7.961580371544999
212,1.0,0.0,0.0,1.0,2.0,4.0,5.0,5.0,0.0,0.0,0.0,1.1893818672352374
1573,1.0,1.0,1.0,1.0,3.0,4.0,3.0,3.0,1.0,1.0,0.0,2.18188983280129
1711,1.0,1.0,0.0,1.0,5.0,1.0,1.0,3.0,1.0,0.0,1.0,0.8545918448344363
320,0.0,0.0,0.0,1.0,4.0,1.0,4.0,4.0,0.0,0.0,1.0,-1.7168996321582697
1416,1.0,1.0,1.0,1.0,1.0,3.0,5.0,1.0,1.0,0.0,0.0,11.817949031480207
1240,1.0,1.0,1.0,0.0,4.0,3.0,5.0,1.0,1.0,1.0,0.0,11.953044428405176
50,1.0,0.0,1.0,1.0,0.0,0.0,0.0,5.0,0.0,0.0,0.0,-1.2833449688125342
1444,1.0,1.0,0.0,1.0,1.0,3.0,2.0,2.0,1.0,1.0,0.0,4.720250713844443
706,1.0,1.0,0.0,0.0,0.0,5.0,3.0,5.0,0.0,1.0,1.0,15.217750102692186
981,0.0,1.0,0.0,0.0,2.0,3.0,3.0,4.0,1.0,0.0,1.0,-1.8166222894653237
365,1.0,0.0,1.0,0.0,4.0,5.0,4.0,4.0,0.0,0.0,1.0,10.556853611444769
230,0.0,1.0,1.0,1.0,2.0,2.0,3.0,3.0,0.0,0.0,1.0,12.036769832841916
1382,0.0,1.0,0.0,1.0,0.0,2.0,5.0,2.0,1.0,0.0,0.0,11.731185927142931
318,0.0,1.0,0.0,1.0,4.0,4.0,3.0,2.0,0.0,0.0,0.0,10.072321981206162
1555,1.0,1.0,1.0,1.0,3.0,4.0,5.0,5.0,1.0,0.0,0.0,-2.104709706157273
1652,0.0,0.0,0.0,1.0,4.0,5.0,5.0,1.0,1.0,1.0,1.0,19.011782199435213
94,1.0,0.0,1.0,0.0,0.0,1.0,4.0,1.0,0.0,0.0,1.0,-4.240544983255308
269,0.0,0.0,1.0,0.0,3.0,4.0,3.0,3.0,0.0,0.0,1.0,-4.67437171062397
281,0.0,0.0,1.0,1.0,3.0,4.0,2.0,5.0,0.0,0.0,0.0,-1.9243531154762747
1248,0.0,0.0,1.0,0.0,4.0,2.0,0.0,0.0,1.0,1.0,1.0,4.227376569962139
1210,0.0,0.0,1.0,0.0,3.0,1.0,1.0,1.0,1.0,0.0,1.0,19.82054563929202
1717,1.0,1.0,0.0,1.0,5.0,5.0,5.0,3.0,1.0,0.0,1.0,20.095742386713905
807,1.0,1.0,0.0,0.0,4.0,1.0,3.0,5.0,0.0,1.0,0.0,5.997687673294685
1066,1.0,1.0,0.0,0.0,4.0,5.0,5.0,5.0,1.0,1.0,0.0,7.765711374540654
1090,1.0,1.0,0.0,0.0,3.0,0.0,4.0,4.0,1.0,1.0,0.0,15.919168780630724
819,1.0,0.0,0.0,0.0,4.0,2.0,3.0,3.0,0.0,1.0,1.0,19.540283830093177
563,0.0,0.0,1.0,1.0,3.0,0.0,2.0,1.0,0.0,1.0,1.0,2.6966810259933016
725,1.0,0.0,1.0,1.0,1.0,4.0,3.0,3.0,0.0,1.0,0.0,12.908293592891834
1483,0.0,1.0,0.0,1.0,2.0,4.0,2.0,2.0,1.0,0.0,0.0,18.94335917520857
782,1.0,1.0,0.0,0.0,3.0,2.0,2.0,1.0,0.0,1.0,0.0,8.914601888522036
404,0.0,1.0,0.0,0.0,5.0,1.0,1.0,1.0,0.0,0.0,1.0,-2.1149091742029285
447,0.0,0.0,1.0,1.0,5.0,4.0,5.0,5.0,0.0,0.0,1.0,19.269638533808514
43,1.0,1.0,0.0,0.0,0.0,2.0,4.0,5.0,0.0,0.0,0.0,12.175965695470117
389,1.0,0.0,1.0,0.0,4.0,4.0,4.0,4.0,0.0,0.0,1.0,-3.271037940491713
284,0.0,0.0,1.0,0.0,3.0,2.0,0.0,4.0,0.0,0.0,1.0,18.438460629607512
240,1.0,1.0,1.0,1.0,2.0,0.0,1.0,1.0,0.0,0.0,1.0,-0.7323126543073446
1375,1.0,1.0,1.0,1.0,0.0,2.0,0.0,3.0,1.0,0.0,0.0,11.981964564115756
413,0.0,1.0,0.0,1.0,5.0,1.0,1.0,3.0,0.0,0.0,1.0,10.792180606093172
1140,0.0,0.0,1.0,0.0,1.0,4.0,1.0,1.0,1.0,0.0,0.0,13.422825836696106
486,0.0,0.0,1.0,1.0,1.0,1.0,4.0,1.0,0.0,1.0,0.0,-2.960111027298796
57,1.0,1.0,0.0,0.0,0.0,3.0,5.0,2.0,0.0,0.0,0.0,13.964532729055056
1288,1.0,0.0,1.0,0.0,5.0,5.0,0.0,0.0,1.0,1.0,1.0,6.432267401831728
213,1.0,0.0,1.0,1.0,2.0,5.0,5.0,5.0,0.0,0.0,0.0,2.709070115194698
1054,1.0,1.0,0.0,0.0,5.0,4.0,4.0,0.0,1.0,1.0,1.0,8.283525774611164
1261,0.0,0.0,1.0,0.0,4.0,2.0,3.0,3.0,1.0,0.0,1.0,7.578673999376981
1684,0.0,0.0,0.0,1.0,5.0,3.0,0.0,0.0,1.0,0.0,1.0,3.957514144945545
142,0.0,0.0,0.0,1.0,1.0,5.0,3.0,3.0,0.0,0.0,1.0,11.537752289887436
614,0.0,0.0,0.0,0.0,5.0,4.0,0.0,0.0,0.0,1.0,1.0,15.21562798867026
555,0.0,0.0,0.0,0.0,3.0,5.0,5.0,5.0,0.0,1.0,0.0,14.752452217023922
382,1.0,1.0,1.0,0.0,4.0,4.0,4.0,4.0,0.0,0.0,0.0,15.002906520686686
1349,1.0,1.0,0.0,1.0,0.0,4.0,5.0,4.0,1.0,1.0,0.0,3.86627403139207
12,0.0,0.0,1.0,0.0,0.0,5.0,5.0,5.0,0.0,0.0,1.0,-2.31443010979285
1425,1.0,0.0,0.0,1.0,1.0,0.0,2.0,2.0,1.0,1.0,0.0,4.811218821103207
169,1.0,1.0,1.0,0.0,1.0,0.0,0.0,0.0,0.0,0.0,1.0,11.070533206563738
1353,1.0,1.0,0.0,1.0,0.0,1.0,4.0,4.0,1.0,1.0,0.0,-4.268535584627064
333,0.0,0.0,0.0,0.0,4.0,1.0,4.0,2.0,0.0,0.0,0.0,7.416445308117645
324,0.0,0.0,0.0,0.0,4.0,2.0,2.0,1.0,0.0,0.0,0.0,17.289924910457884
763,1.0,1.0,0.0,0.0,2.0,1.0,1.0,0.0,0.0,1.0,1.0,15.990078275213502
1059,1.0,1.0,0.0,0.0,5.0,3.0,2.0,2.0,1.0,1.0,1.0,20.650743856246635
1063,1.0,1.0,0.0,0.0,2.0,0.0,2.0,0.0,1.0,1.0,0.0,1.765539600707548
1682,0.0,0.0,0.0,1.0,5.0,4.0,1.0,1.0,1.0,0.0,1.0,8.805481632760511
986,1.0,1.0,0.0,0.0,3.0,3.0,5.0,0.0,1.0,0.0,1.0,15.833181643003009
1255,0.0,1.0,1.0,0.0,4.0,3.0,5.0,5.0,1.0,0.0,1.0,13.751025080404808
412,1.0,1.0,0.0,1.0,5.0,4.0,5.0,5.0,0.0,0.0,1.0,3.608482864682527
1319,0.0,0.0,0.0,1.0,0.0,2.0,0.0,0.0,1.0,1.0,0.0,15.959633178560429
379,1.0,1.0,1.0,1.0,4.0,4.0,1.0,1.0,0.0,0.0,1.0,21.14668829953884
1740,1.0,1.0,0.0,1.0,5.0,3.0,3.0,3.0,1.0,1.0,0.0,16.363680125807086
93,1.0,0.0,1.0,1.0,0.0,2.0,5.0,5.0,0.0,0.0,1.0,1.8039157902638872
733,1.0,1.0,0.0,1.0,1.0,2.0,0.0,0.0,0.0,1.0,1.0,-4.059406427198276
1316,1.0,0.0,0.0,1.0,0.0,4.0,4.0,4.0,1.0,0.0,1.0,-1.0960627394532274
452,0.0,0.0,1.0,0.0,5.0,5.0,0.0,0.0,0.0,0.0,1.0,7.274801059444199
1274,1.0,1.0,1.0,0.0,5.0,4.0,3.0,3.0,1.0,1.0,0.0,16.226040816634743
1390,0.0,0.0,0.0,1.0,1.0,0.0,4.0,5.0,1.0,0.0,0.0,3.616297358009886
407,1.0,1.0,0.0,0.0,5.0,5.0,3.0,3.0,0.0,0.0,0.0,13.951973044446426
283,0.0,0.0,1.0,0.0,3.0,2.0,3.0,3.0,0.0,0.0,1.0,-0.5563488998777162
1370,1.0,1.0,1.0,1.0,0.0,4.0,0.0,0.0,1.0,1.0,1.0,21.939542698620503
1253,0.0,0.0,1.0,0.0,4.0,2.0,2.0,2.0,1.0,1.0,1.0,21.22720323222817
5,0.0,1.0,0.0,0.0,0.0,5.0,2.0,2.0,0.0,0.0,0.0,-4.251189155597491
1637,0.0,0.0,1.0,1.0,4.0,0.0,1.0,1.0,1.0,1.0,0.0,19.192047089730863
924,1.0,1.0,0.0,0.0,2.0,0.0,1.0,1.0,1.0,0.0,0.0,1.5448049573779654
547,0.0,0.0,0.0,1.0,3.0,3.0,0.0,5.0,0.0,1.0,1.0,8.58827390785458
1321,0.0,0.0,0.0,1.0,0.0,0.0,1.0,1.0,1.0,0.0,1.0,8.687146347663392
1084,1.0,1.0,0.0,0.0,0.0,1.0,0.0,0.0,1.0,1.0,1.0,9.652332004659666
1408,0.0,1.0,1.0,1.0,1.0,0.0,2.0,2.0,1.0,0.0,1.0,15.662413164371925
960,0.0,0.0,0.0,0.0,4.0,4.0,2.0,4.0,1.0,0.0,1.0,3.2006348014302386
128,1.0,1.0,1.0,1.0,1.0,5.0,2.0,2.0,0.0,0.0,0.0,13.339925203021938
998,0.0,0.0,0.0,0.0,1.0,0.0,4.0,4.0,1.0,1.0,0.0,-2.684651257268098
438,0.0,0.0,1.0,1.0,5.0,5.0,1.0,1.0,0.0,0.0,0.0,-2.0036891192592847
649,0.0,1.0,0.0,1.0,2.0,4.0,2.0,5.0,0.0,1.0,0.0,13.50073174246296
1106,1.0,1.0,1.0,0.0,0.0,3.0,5.0,2.0,1.0,0.0,0.0,2.621607244128797
1098,0.0,0.0,1.0,0.0,0.0,0.0,3.0,5.0,1.0,0.0,1.0,12.671477229351716
1137,0.0,0.0,1.0,0.0,1.0,3.0,0.0,0.0,1.0,0.0,0.0,10.43875728138755
1173,0.0,0.0,1.0,0.0,2.0,1.0,0.0,4.0,1.0,0.0,1.0,-0.0001313049001465
1418,1.0,1.0,1.0,1.0,1.0,5.0,2.0,2.0,1.0,0.0,1.0,-4.235180176386533
1055,1.0,1.0,0.0,0.0,0.0,4.0,2.0,3.0,1.0,1.0,0.0,-3.3532363804039784
698,1.0,1.0,0.0,1.0,0.0,2.0,2.0,2.0,0.0,1.0,1.0,-3.8240682591170874
704,1.0,0.0,0.0,1.0,0.0,5.0,4.0,4.0,0.0,1.0,1.0,17.119151474243857
1154,0.0,1.0,1.0,0.0,1.0,1.0,2.0,2.0,1.0,1.0,1.0,-4.741368977268494
676,1.0,1.0,1.0,0.0,0.0,4.0,5.0,5.0,0.0,1.0,0.0,17.73300090048617
1081,1.0,1.0,0.0,0.0,3.0,5.0,3.0,3.0,1.0,1.0,0.0,12.780840517313848
1076,1.0,1.0,0.0,0.0,5.0,1.0,5.0,1.0,1.0,1.0,0.0,0.6668618866032041
755,1.0,1.0,1.0,0.0,2.0,1.0,3.0,3.0,0.0,1.0,1.0,3.323101119072547
1641,0.0,0.0,1.0,1.0,4.0,2.0,0.0,0.0,1.0,1.0,0.0,13.253970971337573
150,1.0,1.0,0.0,0.0,1.0,4.0,2.0,1.0,0.0,0.0,1.0,6.534886100360728
1628,1.0,1.0,1.0,1.0,4.0,3.0,4.0,3.0,1.0,0.0,0.0,17.728717548948882
835,1.0,1.0,1.0,1.0,4.0,3.0,1.0,1.0,0.0,1.0,1.0,12.79298919719682
1675,0.0,0.0,0.0,1.0,5.0,1.0,4.0,2.0,1.0,1.0,1.0,-3.3624985693276077
890,0.0,0.0,0.0,0.0,3.0,0.0,4.0,4.0,1.0,0.0,0.0,16.43369315850639
317,0.0,0.0,0.0,1.0,4.0,4.0,2.0,4.0,0.0,0.0,1.0,10.23947661791934
1411,1.0,1.0,1.0,1.0,1.0,1.0,0.0,0.0,1.0,0.0,1.0,18.66896773160455
348,1.0,1.0,0.0,0.0,4.0,0.0,0.0,3.0,0.0,0.0,0.0,6.227788807979101
224,1.0,0.0,1.0,1.0,2.0,5.0,0.0,0.0,0.0,0.0,1.0,-3.737612774206648
589,0.0,0.0,1.0,1.0,4.0,2.0,3.0,1.0,0.0,1.0,1.0,13.870867190731255
55,1.0,1.0,1.0,0.0,0.0,1.0,1.0,1.0,0.0,0.0,0.0,1.2551520153587026
193,0.0,1.0,0.0,0.0,2.0,1.0,3.0,3.0,0.0,0.0,1.0,-4.316493814024738
1127,0.0,0.0,1.0,0.0,0.0,1.0,5.0,5.0,1.0,1.0,1.0,0.5655883932148171
1377,0.0,1.0,0.0,1.0,0.0,2.0,1.0,2.0,1.0,1.0,0.0,11.75094669069786
393,0.0,0.0,1.0,1.0,4.0,3.0,1.0,1.0,0.0,0.0,0.0,17.491402322506097
121,1.0,1.0,1.0,1.0,1.0,4.0,3.0,3.0,0.0,0.0,0.0,12.39256666893028
1060,1.0,1.0,0.0,0.0,3.0,2.0,2.0,4.0,1.0,1.0,1.0,1.5716810355994424
1677,1.0,0.0,0.0,1.0,5.0,2.0,4.0,0.0,1.0,0.0,1.0,2.5347740869969453
1748,0.0,1.0,0.0,1.0,5.0,4.0,3.0,3.0,1.0,1.0,1.0,-3.6125552531298943
225,0.0,0.0,1.0,0.0,2.0,3.0,2.0,0.0,0.0,0.0,1.0,13.908293779916855
1227,0.0,1.0,1.0,0.0,3.0,4.0,1.0,1.0,1.0,0.0,0.0,1.309047138510298
730,1.0,1.0,1.0,0.0,1.0,2.0,0.0,0.0,0.0,1.0,1.0,-0.1663733221922596
1672,1.0,0.0,1.0,1.0,4.0,5.0,4.0,4.0,1.0,1.0,0.0,15.29036774587145
798,1.0,1.0,1.0,1.0,3.0,0.0,1.0,1.0,0.0,1.0,1.0,19.175289712453942
79,1.0,1.0,0.0,0.0,0.0,2.0,4.0,3.0,0.0,0.0,1.0,-1.4033653341323018
248,0.0,0.0,0.0,0.0,3.0,5.0,0.0,4.0,0.0,0.0,0.0,4.830547549293579
971,0.0,1.0,0.0,0.0,3.0,5.0,1.0,1.0,1.0,0.0,1.0,2.7154106529646134
1472,1.0,1.0,0.0,1.0,2.0,3.0,4.0,5.0,1.0,0.0,1.0,16.050587490295307
622,0.0,1.0,1.0,0.0,4.0,4.0,0.0,0.0,0.0,1.0,1.0,9.402619856178378
1323,0.0,0.0,1.0,1.0,0.0,0.0,0.0,0.0,1.0,0.0,0.0,4.671491890596609
1747,0.0,1.0,0.0,1.0,5.0,4.0,1.0,4.0,1.0,1.0,1.0,-2.244930206100217
1681,0.0,0.0,0.0,1.0,5.0,2.0,1.0,5.0,1.0,0.0,0.0,12.740113773013569
1107,0.0,0.0,1.0,0.0,0.0,2.0,2.0,1.0,1.0,0.0,0.0,11.289210414876436
839,1.0,1.0,1.0,1.0,5.0,5.0,1.0,0.0,0.0,1.0,0.0,12.103132879875073
42,1.0,1.0,1.0,0.0,0.0,5.0,1.0,3.0,0.0,0.0,0.0,2.057484014080461
988,0.0,0.0,0.0,0.0,2.0,1.0,4.0,4.0,1.0,1.0,0.0,10.378684396473064
446,0.0,0.0,1.0,0.0,5.0,5.0,0.0,0.0,0.0,0.0,1.0,19.97720746870209
479,0.0,0.0,0.0,1.0,0.0,4.0,3.0,0.0,0.0,1.0,0.0,15.14103269503445
491,0.0,0.0,0.0,0.0,1.0,4.0,1.0,1.0,0.0,1.0,0.0,3.117844437357604
1124,1.0,1.0,1.0,0.0,0.0,0.0,1.0,5.0,1.0,1.0,1.0,13.320207115158222
1158,0.0,0.0,1.0,0.0,1.0,0.0,3.0,3.0,1.0,1.0,1.0,5.384747648376846
1332,0.0,0.0,1.0,1.0,0.0,5.0,3.0,3.0,1.0,1.0,0.0,2.144547552200833
840,1.0,1.0,0.0,0.0,5.0,3.0,5.0,5.0,0.0,1.0,0.0,-4.742001739843586
1085,1.0,1.0,0.0,0.0,3.0,4.0,4.0,4.0,1.0,1.0,0.0,7.513963631845273
498,0.0,0.0,1.0,1.0,1.0,5.0,4.0,4.0,0.0,1.0,1.0,-0.037483402096953
1528,1.0,1.0,0.0,1.0,2.0,5.0,4.0,4.0,1.0,1.0,1.0,21.844431517029683
1520,0.0,1.0,1.0,1.0,2.0,5.0,1.0,1.0,1.0,1.0,0.0,20.52940475817679
30,0.0,0.0,0.0,1.0,0.0,2.0,0.0,0.0,0.0,0.0,0.0,-3.960481147111966
1729,1.0,1.0,1.0,1.0,5.0,4.0,5.0,5.0,1.0,1.0,0.0,21.05708052444701
1612,0.0,0.0,1.0,1.0,4.0,3.0,3.0,3.0,1.0,0.0,0.0,0.5493453304955098
505,0.0,0.0,0.0,1.0,1.0,5.0,5.0,3.0,0.0,1.0,1.0,18.76484393074686
1683,1.0,0.0,0.0,1.0,5.0,2.0,4.0,1.0,1.0,1.0,1.0,3.296274435778072
1385,1.0,1.0,0.0,1.0,0.0,2.0,0.0,0.0,1.0,0.0,1.0,8.54619324450307
1156,0.0,0.0,1.0,0.0,1.0,3.0,4.0,0.0,1.0,0.0,1.0,7.862294419735955
1513,1.0,1.0,1.0,1.0,2.0,3.0,3.0,1.0,1.0,1.0,0.0,4.750378268051714
235,1.0,1.0,1.0,0.0,2.0,4.0,1.0,1.0,0.0,0.0,1.0,3.676814661412985
1150,0.0,1.0,1.0,0.0,1.0,2.0,2.0,1.0,1.0,1.0,1.0,11.781524085977416
1062,1.0,1.0,0.0,0.0,2.0,0.0,1.0,1.0,1.0,1.0,0.0,2.0621448012547114
1549,0.0,1.0,0.0,1.0,3.0,2.0,4.0,4.0,1.0,0.0,1.0,-1.70809942797327
948,0.0,0.0,0.0,0.0,1.0,2.0,3.0,3.0,1.0,0.0,1.0,13.428984046188257
1657,1.0,1.0,1.0,1.0,4.0,2.0,3.0,3.0,1.0,1.0,0.0,7.398669537561346
1498,0.0,0.0,1.0,1.0,2.0,4.0,2.0,4.0,1.0,1.0,0.0,14.030702619226531
594,0.0,0.0,1.0,1.0,4.0,3.0,1.0,1.0,0.0,1.0,0.0,19.029910706504367
845,1.0,1.0,0.0,0.0,5.0,0.0,0.0,5.0,0.0,1.0,0.0,21.694477903874077
1454,1.0,0.0,0.0,1.0,2.0,0.0,1.0,1.0,1.0,0.0,1.0,3.9369110931669287
1680,1.0,0.0,0.0,1.0,5.0,0.0,3.0,3.0,1.0,0.0,1.0,16.10909865949126
165,0.0,1.0,1.0,1.0,1.0,4.0,3.0,3.0,0.0,0.0,1.0,13.409990417484735
1435,0.0,0.0,1.0,1.0,1.0,3.0,5.0,5.0,1.0,1.0,1.0,11.970196697359928
11,0.0,1.0,1.0,0.0,0.0,4.0,1.0,1.0,0.0,0.0,0.0,-3.2032792315697307
1024,0.0,1.0,0.0,0.0,2.0,4.0,4.0,4.0,1.0,1.0,1.0,4.531505350937486
537,0.0,0.0,0.0,0.0,2.0,2.0,5.0,5.0,0.0,1.0,0.0,3.244363859020007
1039,1.0,0.0,0.0,0.0,1.0,3.0,3.0,3.0,1.0,1.0,0.0,1.1614251717969228
423,1.0,0.0,0.0,1.0,5.0,5.0,4.0,4.0,0.0,0.0,1.0,20.90352100113751
1217,0.0,0.0,1.0,0.0,3.0,2.0,5.0,2.0,1.0,1.0,1.0,-4.582499708038355
1636,0.0,0.0,1.0,1.0,4.0,2.0,1.0,5.0,1.0,1.0,1.0,-4.8235231085212025
433,1.0,1.0,1.0,1.0,5.0,2.0,4.0,4.0,0.0,0.0,1.0,21.16179237977241
1050,1.0,0.0,0.0,0.0,5.0,2.0,4.0,2.0,1.0,1.0,1.0,-1.2711001673277431
461,0.0,0.0,1.0,1.0,0.0,5.0,5.0,5.0,0.0,1.0,1.0,18.119868260083305
1577,1.0,1.0,0.0,1.0,3.0,3.0,2.0,2.0,1.0,1.0,1.0,9.84922097573002
156,0.0,0.0,0.0,0.0,1.0,5.0,0.0,0.0,0.0,0.0,1.0,-1.3967216567974123
1230,0.0,1.0,1.0,0.0,3.0,4.0,1.0,5.0,1.0,1.0,1.0,-2.8367649297243327
489,0.0,0.0,0.0,0.0,1.0,5.0,0.0,0.0,0.0,1.0,0.0,-3.4010574121675754
752,1.0,1.0,1.0,1.0,2.0,5.0,5.0,5.0,0.0,1.0,1.0,6.396048816233961
439,0.0,0.0,1.0,0.0,5.0,0.0,0.0,0.0,0.0,0.0,0.0,1.2945443494593096
484,0.0,0.0,1.0,0.0,1.0,2.0,5.0,0.0,0.0,1.0,0.0,1.8223147941381308
1000,0.0,0.0,0.0,0.0,2.0,0.0,0.0,2.0,1.0,1.0,0.0,12.490288038913146
135,0.0,0.0,0.0,0.0,1.0,4.0,0.0,0.0,0.0,0.0,1.0,5.288320734381557
1469,1.0,0.0,1.0,1.0,2.0,1.0,2.0,2.0,1.0,0.0,0.0,16.959162027461787
551,0.0,0.0,0.0,0.0,3.0,3.0,4.0,4.0,0.0,1.0,0.0,14.849359771928771
608,0.0,0.0,0.0,1.0,5.0,1.0,0.0,3.0,0.0,1.0,0.0,10.326942335970111
712,1.0,1.0,1.0,0.0,1.0,1.0,0.0,2.0,0.0,1.0,0.0,9.47024060781494
585,0.0,0.0,0.0,1.0,4.0,3.0,0.0,0.0,0.0,1.0,0.0,3.136253898660444
1095,0.0,0.0,1.0,0.0,0.0,3.0,3.0,1.0,1.0,0.0,1.0,18.435676357450603
1114,1.0,1.0,1.0,0.0,0.0,4.0,0.0,2.0,1.0,1.0,0.0,13.171893061977528
627,0.0,1.0,0.0,0.0,0.0,3.0,0.0,0.0,0.0,1.0,1.0,18.00295281193835
1476,1.0,1.0,1.0,1.0,2.0,1.0,2.0,4.0,1.0,0.0,1.0,8.319603232030587
118,1.0,1.0,1.0,1.0,1.0,3.0,4.0,2.0,0.0,0.0,0.0,12.675229973471318
583,0.0,0.0,0.0,1.0,4.0,1.0,4.0,4.0,0.0,1.0,0.0,20.33622295337632
1387,0.0,0.0,1.0,1.0,1.0,4.0,4.0,2.0,1.0,0.0,1.0,7.56497792620884
1268,0.0,0.0,1.0,0.0,5.0,0.0,0.0,0.0,1.0,1.0,0.0,-1.7611037629689368
714,1.0,1.0,1.0,1.0,1.0,2.0,4.0,4.0,0.0,1.0,0.0,18.64814487763905
658,0.0,1.0,0.0,1.0,5.0,1.0,0.0,0.0,0.0,1.0,1.0,3.350247079022566
1704,0.0,0.0,1.0,1.0,5.0,1.0,3.0,4.0,1.0,0.0,0.0,0.0562022973950231
67,1.0,1.0,0.0,1.0,0.0,2.0,0.0,2.0,0.0,0.0,0.0,1.1466563452061165
183,1.0,0.0,0.0,0.0,2.0,4.0,5.0,2.0,0.0,0.0,1.0,7.376123426371839
1531,1.0,1.0,1.0,1.0,2.0,4.0,3.0,3.0,1.0,1.0,0.0,1.8635948279382892
1333,0.0,0.0,1.0,1.0,0.0,3.0,1.0,1.0,1.0,1.0,1.0,1.96944514576928
152,1.0,1.0,0.0,1.0,1.0,2.0,2.0,2.0,0.0,0.0,1.0,21.96656091527685
245,0.0,0.0,0.0,1.0,3.0,0.0,3.0,4.0,0.0,0.0,0.0,10.431937304915218
626,0.0,1.0,1.0,0.0,1.0,2.0,0.0,0.0,0.0,1.0,1.0,0.5520391121238948
734,1.0,1.0,1.0,1.0,1.0,4.0,2.0,2.0,0.0,1.0,1.0,8.336390951574588
524,0.0,0.0,1.0,1.0,2.0,1.0,5.0,4.0,0.0,1.0,0.0,3.2770354904971395
344,1.0,1.0,0.0,0.0,4.0,5.0,5.0,5.0,0.0,0.0,1.0,9.213856227138834
982,1.0,1.0,0.0,0.0,1.0,0.0,2.0,2.0,1.0,0.0,1.0,8.67247912176769
38,0.0,1.0,0.0,1.0,0.0,0.0,4.0,2.0,0.0,0.0,1.0,12.188557405585954
448,0.0,0.0,1.0,1.0,5.0,4.0,5.0,5.0,0.0,0.0,1.0,21.271488275235924
648,0.0,1.0,0.0,0.0,3.0,1.0,1.0,1.0,0.0,1.0,1.0,4.702154396281109
223,0.0,0.0,1.0,0.0,2.0,3.0,2.0,1.0,0.0,0.0,1.0,10.750346170310978
1215,0.0,0.0,1.0,0.0,3.0,2.0,2.0,2.0,1.0,1.0,0.0,21.395591916038413
1438,1.0,1.0,1.0,1.0,1.0,5.0,2.0,2.0,1.0,1.0,0.0,3.90104119687256
753,1.0,1.0,0.0,0.0,2.0,3.0,3.0,3.0,0.0,1.0,0.0,-0.7400772852746762
1439,1.0,1.0,1.0,1.0,1.0,3.0,1.0,4.0,1.0,1.0,0.0,-3.873791131625002
795,1.0,1.0,0.0,1.0,3.0,3.0,0.0,0.0,0.0,1.0,1.0,12.893739238889712
1669,1.0,0.0,0.0,1.0,4.0,1.0,4.0,4.0,1.0,1.0,1.0,9.295886882137976
959,0.0,0.0,0.0,0.0,0.0,3.0,2.0,1.0,1.0,0.0,1.0,-2.996429127077797
502,0.0,0.0,0.0,0.0,1.0,1.0,0.0,0.0,0.0,1.0,1.0,9.793151741956668
827,1.0,0.0,0.0,1.0,4.0,3.0,1.0,3.0,0.0,1.0,0.0,13.814638397030684
1603,1.0,1.0,0.0,1.0,4.0,0.0,2.0,2.0,1.0,0.0,1.0,16.065505131372266
548,0.0,0.0,1.0,1.0,3.0,5.0,4.0,5.0,0.0,1.0,1.0,14.762887989954509
113,0.0,1.0,0.0,0.0,1.0,3.0,1.0,1.0,0.0,0.0,0.0,10.966947810376858
1615,0.0,0.0,1.0,1.0,4.0,3.0,0.0,0.0,1.0,0.0,1.0,1.2704918171109174
985,0.0,1.0,0.0,0.0,4.0,2.0,2.0,2.0,1.0,0.0,1.0,20.94591072461862
1478,1.0,1.0,0.0,1.0,2.0,0.0,4.0,4.0,1.0,0.0,1.0,-4.319764758451264
1073,1.0,1.0,0.0,0.0,1.0,4.0,2.0,2.0,1.0,1.0,1.0,1.020007476937656
1586,0.0,1.0,0.0,1.0,3.0,4.0,1.0,2.0,1.0,1.0,1.0,21.017736666018727
48,1.0,1.0,0.0,0.0,0.0,3.0,5.0,5.0,0.0,0.0,0.0,5.58804835918134
969,1.0,1.0,0.0,0.0,5.0,3.0,3.0,2.0,1.0,0.0,1.0,3.752087298263726
171,0.0,0.0,1.0,1.0,1.0,3.0,2.0,2.0,0.0,0.0,1.0,-3.408157331852486
923,1.0,1.0,0.0,0.0,4.0,3.0,4.0,4.0,1.0,0.0,0.0,4.894243182825829
1668,1.0,1.0,1.0,1.0,4.0,1.0,4.0,0.0,1.0,1.0,1.0,4.858275288537715
289,1.0,0.0,0.0,0.0,3.0,4.0,3.0,3.0,0.0,0.0,0.0,11.16671726857927
907,1.0,1.0,0.0,0.0,3.0,4.0,1.0,1.0,1.0,0.0,0.0,-0.0619231734816985
166,1.0,0.0,1.0,1.0,1.0,4.0,1.0,1.0,0.0,0.0,1.0,13.280685313306456
869,1.0,1.0,0.0,0.0,5.0,0.0,2.0,3.0,0.0,1.0,1.0,16.05757854675217
89,1.0,1.0,0.0,0.0,0.0,2.0,1.0,0.0,0.0,0.0,1.0,-1.377002034362147
1431,0.0,0.0,1.0,1.0,1.0,0.0,0.0,3.0,1.0,1.0,1.0,6.787768614329234
286,0.0,1.0,1.0,0.0,3.0,3.0,3.0,3.0,0.0,0.0,0.0,15.156974731678703
578,0.0,0.0,0.0,0.0,4.0,0.0,3.0,2.0,0.0,1.0,0.0,9.88208852241511
586,0.0,0.0,1.0,1.0,4.0,3.0,4.0,0.0,0.0,1.0,0.0,9.114180628483233
460,0.0,0.0,1.0,0.0,0.0,2.0,5.0,5.0,0.0,1.0,1.0,15.984426633493232
234,1.0,1.0,1.0,0.0,2.0,5.0,3.0,5.0,0.0,0.0,1.0,8.551210124200189
696,1.0,0.0,0.0,1.0,0.0,2.0,5.0,2.0,0.0,1.0,1.0,9.117357456702276
1596,0.0,0.0,0.0,1.0,4.0,5.0,2.0,2.0,1.0,0.0,1.0,-4.29717284056135
274,0.0,0.0,1.0,0.0,3.0,0.0,4.0,4.0,0.0,0.0,1.0,0.7374376245664678
1146,0.0,0.0,1.0,0.0,1.0,5.0,3.0,5.0,1.0,0.0,0.0,14.862416158459292
1746,1.0,1.0,0.0,1.0,5.0,5.0,4.0,4.0,1.0,1.0,1.0,7.28787466524413
900,0.0,0.0,0.0,0.0,4.0,0.0,1.0,1.0,1.0,0.0,0.0,14.575833731510173
456,0.0,0.0,1.0,0.0,0.0,3.0,3.0,3.0,0.0,1.0,1.0,7.533198675967496
710,1.0,1.0,1.0,0.0,0.0,2.0,5.0,5.0,0.0,1.0,1.0,7.150045423131941
1468,0.0,0.0,0.0,1.0,2.0,5.0,4.0,0.0,1.0,0.0,0.0,2.8620801912311142
426,0.0,0.0,0.0,1.0,5.0,1.0,0.0,0.0,0.0,0.0,0.0,19.20928290894214
814,1.0,1.0,0.0,0.0,4.0,3.0,3.0,4.0,0.0,1.0,1.0,0.6175317848692004
1278,0.0,1.0,1.0,0.0,5.0,5.0,5.0,0.0,1.0,1.0,0.0,13.962203402419018
394,0.0,0.0,0.0,1.0,5.0,3.0,4.0,0.0,0.0,0.0,0.0,-3.2532896760180563
713,1.0,0.0,1.0,1.0,1.0,4.0,3.0,3.0,0.0,1.0,0.0,14.72684554482749
1739,0.0,1.0,1.0,1.0,5.0,2.0,3.0,3.0,1.0,1.0,0.0,6.872731338908944
241,1.0,1.0,1.0,0.0,2.0,0.0,1.0,1.0,0.0,0.0,1.0,9.995731794424408
294,1.0,1.0,0.0,0.0,3.0,5.0,2.0,0.0,0.0,0.0,0.0,-4.177948754228363
191,0.0,0.0,0.0,0.0,2.0,4.0,4.0,4.0,0.0,0.0,1.0,3.708351411265188
632,0.0,1.0,0.0,0.0,5.0,0.0,0.0,0.0,0.0,1.0,0.0,-1.0654878337796805
1275,0.0,0.0,1.0,0.0,5.0,5.0,4.0,4.0,1.0,0.0,0.0,11.274449885393686
84,1.0,0.0,0.0,1.0,0.0,5.0,3.0,2.0,0.0,0.0,1.0,16.717074228838342
1247,0.0,1.0,1.0,0.0,4.0,5.0,4.0,4.0,1.0,0.0,0.0,-1.5405964409676778
47,1.0,1.0,0.0,0.0,0.0,3.0,4.0,4.0,0.0,0.0,0.0,7.133456423333936
35,0.0,0.0,1.0,1.0,0.0,0.0,0.0,0.0,0.0,0.0,1.0,11.710506851002313
726,1.0,0.0,1.0,1.0,1.0,0.0,1.0,2.0,0.0,1.0,0.0,15.193804314671604
219,1.0,0.0,1.0,1.0,2.0,0.0,1.0,3.0,0.0,0.0,1.0,9.07918347871723
107,1.0,0.0,1.0,0.0,1.0,5.0,4.0,4.0,0.0,0.0,0.0,18.780689687087317
364,1.0,1.0,1.0,1.0,4.0,5.0,5.0,3.0,0.0,0.0,0.0,15.190686716818814
936,1.0,1.0,0.0,0.0,4.0,3.0,4.0,0.0,1.0,0.0,0.0,3.778901565467624
552,0.0,0.0,0.0,1.0,3.0,2.0,4.0,4.0,0.0,1.0,1.0,0.4601518468237024
1643,0.0,1.0,0.0,1.0,4.0,0.0,4.0,5.0,1.0,1.0,0.0,5.030696364199139
760,1.0,0.0,0.0,0.0,2.0,5.0,2.0,2.0,0.0,1.0,0.0,20.796413600679635
1144,0.0,0.0,1.0,0.0,1.0,5.0,1.0,1.0,1.0,1.0,0.0,1.633374654688266
326,0.0,0.0,0.0,1.0,4.0,4.0,0.0,0.0,0.0,0.0,1.0,1.091068806510207
370,0.0,0.0,1.0,1.0,4.0,1.0,4.0,3.0,0.0,0.0,0.0,17.797329581456484
976,1.0,1.0,0.0,0.0,2.0,0.0,3.0,5.0,1.0,0.0,1.0,12.80600193041712
1035,0.0,1.0,0.0,0.0,5.0,2.0,5.0,1.0,1.0,1.0,1.0,-4.312798357452931
1569,0.0,1.0,1.0,1.0,3.0,4.0,2.0,2.0,1.0,1.0,1.0,1.6460661858829964
69,1.0,0.0,0.0,0.0,0.0,1.0,5.0,5.0,0.0,0.0,0.0,16.588887283625517
211,0.0,1.0,0.0,1.0,2.0,0.0,3.0,3.0,0.0,0.0,1.0,-4.431984909943709
784,1.0,0.0,0.0,0.0,3.0,2.0,2.0,2.0,0.0,1.0,0.0,1.6651847506935278
877,0.0,0.0,0.0,0.0,5.0,0.0,1.0,1.0,1.0,0.0,0.0,-4.938323138656333
331,0.0,1.0,0.0,1.0,4.0,2.0,5.0,1.0,0.0,0.0,1.0,5.964902938794694
204,0.0,0.0,0.0,1.0,2.0,5.0,0.0,0.0,0.0,0.0,1.0,18.648390670839674
82,1.0,1.0,1.0,1.0,0.0,2.0,5.0,5.0,0.0,0.0,1.0,21.342215399230213
1688,0.0,0.0,0.0,1.0,5.0,5.0,4.0,2.0,1.0,1.0,1.0,19.165258457699515
1130,1.0,0.0,1.0,0.0,0.0,1.0,4.0,4.0,1.0,1.0,0.0,17.04083155032359
628,0.0,1.0,0.0,0.0,0.0,5.0,3.0,1.0,0.0,1.0,0.0,8.762227098484347
34,0.0,1.0,0.0,1.0,0.0,2.0,0.0,1.0,0.0,0.0,1.0,4.817380186246426
51,1.0,1.0,1.0,1.0,0.0,3.0,2.0,2.0,0.0,0.0,0.0,20.752783775953294
32,0.0,0.0,0.0,1.0,0.0,2.0,1.0,0.0,0.0,0.0,0.0,16.373245284363225
1749,1.0,1.0,1.0,1.0,5.0,0.0,2.0,3.0,1.0,1.0,0.0,19.72962096244049
516,0.0,0.0,1.0,0.0,2.0,1.0,4.0,4.0,0.0,1.0,1.0,17.33569314966216
1609,1.0,1.0,0.0,1.0,4.0,2.0,5.0,3.0,1.0,0.0,1.0,15.708230433958123
494,0.0,0.0,0.0,0.0,1.0,4.0,5.0,5.0,0.0,1.0,0.0,18.567168128952662
70,1.0,0.0,0.0,1.0,0.0,0.0,3.0,4.0,0.0,0.0,0.0,0.6508205498401232
826,1.0,0.0,1.0,1.0,4.0,3.0,5.0,4.0,0.0,1.0,1.0,18.79261823423584
534,0.0,0.0,0.0,0.0,2.0,1.0,5.0,1.0,0.0,1.0,1.0,-2.606170496685267
469,0.0,0.0,0.0,1.0,0.0,1.0,3.0,4.0,0.0,1.0,0.0,11.885259577312226
1042,1.0,0.0,0.0,0.0,0.0,2.0,4.0,2.0,1.0,1.0,1.0,-2.1487521695569622
332,0.0,0.0,0.0,0.0,4.0,1.0,3.0,2.0,0.0,0.0,0.0,0.2604683213991769
1492,1.0,0.0,0.0,1.0,2.0,4.0,4.0,4.0,1.0,1.0,0.0,11.25544121549207
954,0.0,0.0,0.0,0.0,3.0,0.0,0.0,2.0,1.0,0.0,1.0,6.628575028969316
888,0.0,0.0,0.0,0.0,3.0,3.0,4.0,4.0,1.0,0.0,0.0,10.317674314639913
1312,1.0,0.0,0.0,1.0,0.0,3.0,3.0,3.0,1.0,0.0,1.0,8.731508184065222
767,1.0,0.0,0.0,1.0,2.0,1.0,0.0,0.0,0.0,1.0,0.0,4.322442692605037
1564,1.0,0.0,1.0,1.0,3.0,2.0,1.0,1.0,1.0,0.0,0.0,9.210238880562196
1428,1.0,0.0,0.0,1.0,1.0,2.0,3.0,3.0,1.0,1.0,0.0,13.413203090833903
312,1.0,1.0,1.0,1.0,3.0,0.0,5.0,4.0,0.0,0.0,0.0,20.57993683903372
1147,0.0,1.0,1.0,0.0,1.0,5.0,2.0,2.0,1.0,1.0,1.0,12.515728721911696
1496,0.0,0.0,0.0,1.0,2.0,5.0,3.0,5.0,1.0,1.0,1.0,-4.189107992886875
1588,1.0,1.0,1.0,1.0,3.0,0.0,4.0,4.0,1.0,1.0,0.0,9.115802886408131
26,0.0,0.0,0.0,1.0,0.0,4.0,5.0,4.0,0.0,0.0,0.0,-4.346473200770486
1080,1.0,1.0,0.0,0.0,5.0,5.0,1.0,3.0,1.0,1.0,0.0,9.96659019076682
151,0.0,1.0,0.0,0.0,1.0,2.0,4.0,4.0,0.0,0.0,1.0,18.56452178893501
1302,0.0,0.0,1.0,0.0,5.0,4.0,2.0,2.0,1.0,1.0,1.0,16.44795994401218
892,0.0,0.0,0.0,0.0,2.0,5.0,3.0,2.0,1.0,0.0,0.0,3.834156251840328
679,1.0,0.0,0.0,1.0,0.0,3.0,3.0,4.0,0.0,1.0,0.0,7.2754086612689886
37,0.0,0.0,1.0,1.0,0.0,1.0,3.0,3.0,0.0,0.0,1.0,0.0694111929726322
1617,1.0,0.0,1.0,1.0,4.0,5.0,3.0,4.0,1.0,0.0,0.0,3.3665941729723805
1635,0.0,0.0,0.0,1.0,4.0,1.0,0.0,0.0,1.0,1.0,0.0,15.666450689660778
692,1.0,1.0,0.0,1.0,0.0,4.0,3.0,0.0,0.0,1.0,0.0,16.528471552985632
1226,1.0,1.0,1.0,0.0,3.0,0.0,4.0,3.0,1.0,0.0,1.0,-3.500452029007469
102,1.0,0.0,0.0,0.0,0.0,3.0,3.0,0.0,0.0,0.0,1.0,14.214401380764304
58,1.0,1.0,1.0,1.0,0.0,4.0,1.0,1.0,0.0,0.0,0.0,4.584977834235183
1236,1.0,1.0,1.0,0.0,3.0,2.0,4.0,1.0,1.0,0.0,1.0,3.686856933685658
977,1.0,1.0,0.0,0.0,1.0,1.0,0.0,0.0,1.0,0.0,1.0,19.92822858810872
727,1.0,1.0,0.0,0.0,1.0,2.0,1.0,1.0,0.0,1.0,0.0,5.175055085641676
762,1.0,1.0,1.0,0.0,2.0,0.0,1.0,3.0,0.0,1.0,0.0,13.195420863571997
451,1.0,1.0,1.0,0.0,5.0,2.0,0.0,0.0,0.0,0.0,1.0,10.189822814530046
1736,1.0,1.0,0.0,1.0,5.0,1.0,5.0,1.0,1.0,1.0,0.0,15.78471130980213
1453,1.0,0.0,1.0,1.0,2.0,3.0,2.0,2.0,1.0,0.0,1.0,18.980830154080877
401,1.0,1.0,0.0,0.0,5.0,0.0,2.0,2.0,0.0,0.0,1.0,7.615525818570532
1590,0.0,1.0,0.0,1.0,3.0,2.0,3.0,3.0,1.0,1.0,1.0,15.163721053798652
527,0.0,0.0,0.0,0.0,2.0,1.0,0.0,0.0,0.0,1.0,1.0,-4.589765660049189
540,0.0,0.0,1.0,1.0,2.0,3.0,5.0,4.0,0.0,1.0,1.0,8.423011164232827
363,1.0,1.0,1.0,1.0,4.0,0.0,2.0,5.0,0.0,0.0,0.0,8.783051199931208
1595,1.0,1.0,0.0,1.0,4.0,4.0,0.0,0.0,1.0,0.0,0.0,20.754058752876283
358,1.0,1.0,1.0,1.0,4.0,4.0,5.0,2.0,0.0,0.0,1.0,21.636989831272277
1558,0.0,1.0,1.0,1.0,3.0,3.0,4.0,4.0,1.0,0.0,0.0,1.79717922229639
581,0.0,0.0,0.0,0.0,4.0,0.0,3.0,3.0,0.0,1.0,0.0,21.903565240707373
310,1.0,1.0,0.0,0.0,3.0,3.0,0.0,0.0,0.0,0.0,0.0,10.505314465599646
1742,1.0,1.0,0.0,1.0,5.0,1.0,0.0,0.0,1.0,1.0,0.0,20.63526409425801
633,0.0,1.0,1.0,0.0,0.0,3.0,0.0,0.0,0.0,1.0,0.0,14.75429819129467
629,0.0,1.0,1.0,0.0,5.0,2.0,2.0,2.0,0.0,1.0,0.0,1.0689540633876549
75,1.0,0.0,0.0,0.0,0.0,5.0,5.0,4.0,0.0,0.0,1.0,5.668028682436878
1178,0.0,0.0,1.0,0.0,2.0,4.0,0.0,1.0,1.0,0.0,1.0,15.487746390690628
883,0.0,0.0,0.0,0.0,5.0,1.0,4.0,4.0,1.0,0.0,0.0,8.177580437145176
322,0.0,1.0,0.0,1.0,4.0,5.0,3.0,4.0,0.0,0.0,0.0,18.627238616634774
20,0.0,0.0,0.0,1.0,0.0,1.0,3.0,3.0,0.0,0.0,1.0,0.5861951349953811
1121,0.0,0.0,1.0,0.0,0.0,5.0,5.0,5.0,1.0,1.0,0.0,12.739947220490894
728,1.0,0.0,1.0,0.0,1.0,3.0,3.0,3.0,0.0,1.0,0.0,7.906482994034224
887,0.0,0.0,0.0,0.0,2.0,4.0,3.0,5.0,1.0,0.0,0.0,7.999495508043772
980,1.0,1.0,0.0,0.0,2.0,3.0,2.0,0.0,1.0,0.0,1.0,6.258727805050231
1100,1.0,1.0,1.0,0.0,0.0,1.0,2.0,2.0,1.0,0.0,1.0,2.75263929171005
198,1.0,1.0,0.0,1.0,2.0,1.0,3.0,3.0,0.0,0.0,1.0,18.09331171620592
1505,0.0,0.0,1.0,1.0,2.0,3.0,4.0,4.0,1.0,1.0,0.0,2.176106350451924
338,1.0,1.0,0.0,1.0,4.0,3.0,0.0,0.0,0.0,0.0,0.0,10.03081761883412
41,1.0,1.0,0.0,0.0,0.0,2.0,5.0,5.0,0.0,0.0,0.0,10.552676425226128
935,1.0,1.0,0.0,0.0,1.0,0.0,0.0,0.0,1.0,0.0,0.0,20.35747411265772
1097,1.0,1.0,1.0,0.0,0.0,2.0,2.0,2.0,1.0,0.0,1.0,-2.635000929731334
203,0.0,1.0,0.0,1.0,2.0,4.0,5.0,4.0,0.0,0.0,0.0,5.0271839416353785
188,0.0,0.0,0.0,0.0,2.0,5.0,3.0,3.0,0.0,0.0,1.0,11.54694163610285
968,1.0,1.0,0.0,0.0,5.0,0.0,0.0,0.0,1.0,0.0,1.0,1.2548147510866725
944,1.0,0.0,0.0,0.0,1.0,4.0,0.0,0.0,1.0,0.0,1.0,15.401431490871149
1009,0.0,0.0,0.0,0.0,2.0,2.0,3.0,1.0,1.0,1.0,1.0,4.879572290175712
1221,0.0,0.0,1.0,0.0,3.0,4.0,0.0,5.0,1.0,0.0,1.0,20.486083631182243
159,1.0,0.0,0.0,0.0,1.0,2.0,1.0,1.0,0.0,0.0,1.0,19.18573434533732
1003,0.0,0.0,0.0,0.0,0.0,0.0,2.0,2.0,1.0,1.0,1.0,5.499236048229804
1484,0.0,1.0,0.0,1.0,2.0,1.0,0.0,0.0,1.0,0.0,1.0,-1.5375391869077468
471,0.0,0.0,0.0,1.0,0.0,2.0,5.0,5.0,0.0,1.0,0.0,4.2240695101154095
708,1.0,1.0,0.0,1.0,0.0,3.0,5.0,4.0,0.0,1.0,1.0,-2.020567992088085
741,1.0,0.0,1.0,0.0,1.0,5.0,5.0,5.0,0.0,1.0,1.0,0.0314186141725594
347,1.0,1.0,0.0,0.0,4.0,0.0,2.0,2.0,0.0,0.0,0.0,15.088080713220826
472,0.0,0.0,0.0,1.0,0.0,4.0,5.0,5.0,0.0,1.0,0.0,4.96303227844
437,0.0,0.0,1.0,0.0,5.0,1.0,4.0,2.0,0.0,0.0,0.0,7.849702943649859
1417,1.0,1.0,1.0,1.0,1.0,1.0,1.0,1.0,1.0,0.0,1.0,15.131946609889964
1139,0.0,0.0,1.0,0.0,1.0,1.0,4.0,0.0,1.0,1.0,0.0,1.5596846517372285
61,1.0,1.0,0.0,1.0,0.0,5.0,0.0,4.0,0.0,0.0,0.0,13.67757088163298
1010,0.0,0.0,0.0,0.0,3.0,4.0,3.0,1.0,1.0,1.0,1.0,12.907013571421246
463,0.0,0.0,1.0,1.0,0.0,1.0,5.0,3.0,0.0,1.0,0.0,5.189029765022726
754,1.0,1.0,1.0,0.0,2.0,2.0,4.0,4.0,0.0,1.0,1.0,6.215018176980497
28,0.0,0.0,1.0,1.0,0.0,1.0,3.0,3.0,0.0,0.0,0.0,16.54692256809447
1369,1.0,1.0,0.0,1.0,0.0,3.0,2.0,3.0,1.0,0.0,1.0,6.5893766038919495
1561,0.0,0.0,1.0,1.0,3.0,5.0,3.0,5.0,1.0,0.0,1.0,9.821145889746216
1610,0.0,0.0,0.0,1.0,4.0,2.0,2.0,3.0,1.0,0.0,0.0,10.044597149577854
280,0.0,0.0,1.0,1.0,3.0,5.0,1.0,1.0,0.0,0.0,1.0,19.96968725459512
1109,1.0,1.0,1.0,0.0,0.0,4.0,3.0,3.0,1.0,0.0,1.0,4.884986394967033
123,0.0,0.0,1.0,1.0,1.0,4.0,1.0,1.0,0.0,0.0,0.0,-0.320744472684856
921,1.0,1.0,0.0,0.0,0.0,2.0,5.0,5.0,1.0,0.0,0.0,11.796661135500798
1322,0.0,0.0,1.0,1.0,0.0,5.0,0.0,0.0,1.0,0.0,0.0,10.887443096400832
1037,1.0,0.0,0.0,0.0,1.0,1.0,5.0,0.0,1.0,1.0,0.0,-4.288067718319461
1182,0.0,1.0,1.0,0.0,2.0,4.0,0.0,0.0,1.0,0.0,1.0,6.080086707975768
1646,0.0,0.0,0.0,1.0,4.0,1.0,0.0,0.0,1.0,1.0,1.0,7.725936057362958
65,1.0,0.0,0.0,0.0,0.0,4.0,0.0,0.0,0.0,0.0,0.0,6.546751506818591
853,1.0,1.0,1.0,0.0,5.0,0.0,2.0,2.0,0.0,1.0,0.0,11.508597554500485
1570,0.0,0.0,0.0,1.0,3.0,1.0,4.0,4.0,1.0,1.0,0.0,1.2167338518918314
23,0.0,0.0,0.0,1.0,0.0,0.0,0.0,0.0,0.0,0.0,0.0,-1.2979391049535418
842,1.0,1.0,0.0,1.0,5.0,4.0,5.0,5.0,0.0,1.0,0.0,17.356533742553594
265,0.0,0.0,0.0,1.0,3.0,3.0,5.0,1.0,0.0,0.0,1.0,7.918890984713816
1389,1.0,0.0,0.0,1.0,1.0,0.0,2.0,2.0,1.0,0.0,0.0,19.716682580295465
1284,0.0,0.0,1.0,0.0,5.0,4.0,3.0,3.0,1.0,0.0,1.0,9.66879699701002
1262,0.0,0.0,1.0,0.0,4.0,1.0,0.0,0.0,1.0,0.0,0.0,4.617996757455778
1721,1.0,1.0,1.0,1.0,5.0,4.0,1.0,5.0,1.0,0.0,0.0,1.835634142470376
1405,0.0,1.0,0.0,1.0,1.0,0.0,2.0,2.0,1.0,0.0,0.0,9.388678510264898
964,1.0,1.0,0.0,0.0,1.0,2.0,0.0,5.0,1.0,0.0,1.0,14.665236436641733
1337,0.0,0.0,1.0,1.0,0.0,4.0,5.0,4.0,1.0,1.0,0.0,14.152629449129297
884,1.0,0.0,0.0,0.0,3.0,0.0,1.0,3.0,1.0,0.0,0.0,4.205492896010808
1719,1.0,1.0,0.0,1.0,5.0,2.0,0.0,0.0,1.0,0.0,1.0,14.032967136958112
735,1.0,0.0,0.0,1.0,1.0,1.0,1.0,1.0,0.0,1.0,1.0,21.162985566340623
182,1.0,1.0,0.0,0.0,2.0,5.0,2.0,2.0,0.0,0.0,1.0,16.052100397438746
1620,0.0,0.0,1.0,1.0,4.0,4.0,5.0,0.0,1.0,0.0,0.0,11.259884276599344
174,1.0,1.0,1.0,0.0,1.0,2.0,5.0,5.0,0.0,0.0,1.0,3.085415890821181
1069,1.0,1.0,0.0,0.0,1.0,0.0,0.0,0.0,1.0,1.0,0.0,-1.6306803240008554
1171,1.0,0.0,1.0,0.0,2.0,4.0,0.0,0.0,1.0,0.0,0.0,9.043606076611937
29,0.0,1.0,1.0,1.0,0.0,5.0,2.0,2.0,0.0,0.0,0.0,11.278038364988737
1129,0.0,0.0,1.0,0.0,0.0,4.0,1.0,1.0,1.0,1.0,0.0,21.27071232262414
967,1.0,1.0,0.0,0.0,0.0,5.0,1.0,1.0,1.0,0.0,1.0,-2.062263229014975
434,1.0,1.0,1.0,0.0,5.0,5.0,1.0,1.0,0.0,0.0,1.0,15.666960100954643
1335,0.0,0.0,1.0,1.0,0.0,0.0,1.0,1.0,1.0,1.0,0.0,11.706465099700647
1317,0.0,0.0,0.0,1.0,0.0,3.0,2.0,2.0,1.0,0.0,1.0,14.153326643495909
1436,0.0,0.0,0.0,1.0,1.0,5.0,0.0,1.0,1.0,1.0,0.0,-4.783917271113512
1413,1.0,1.0,1.0,1.0,1.0,3.0,0.0,0.0,1.0,0.0,1.0,3.043756408675012
1398,1.0,0.0,1.0,1.0,1.0,3.0,3.0,1.0,1.0,0.0,0.0,7.434007277445405
550,0.0,0.0,1.0,1.0,3.0,5.0,4.0,0.0,0.0,1.0,1.0,11.992904953988855
817,1.0,0.0,1.0,0.0,4.0,3.0,0.0,3.0,0.0,1.0,0.0,6.383580486046558
1138,0.0,0.0,1.0,0.0,1.0,1.0,2.0,3.0,1.0,1.0,0.0,4.926445262505059
1664,1.0,1.0,1.0,1.0,4.0,3.0,0.0,2.0,1.0,1.0,0.0,13.730863733368132
695,1.0,1.0,1.0,1.0,0.0,4.0,2.0,5.0,0.0,1.0,0.0,0.3301888510165804
1263,1.0,1.0,1.0,0.0,4.0,1.0,0.0,2.0,1.0,0.0,1.0,9.345896223583985
1568,0.0,0.0,1.0,1.0,3.0,5.0,0.0,0.0,1.0,0.0,0.0,19.65327419031446
316,0.0,0.0,0.0,1.0,4.0,3.0,5.0,4.0,0.0,0.0,0.0,6.8056106463463415
932,1.0,1.0,0.0,0.0,3.0,0.0,2.0,3.0,1.0,0.0,0.0,11.793796657961412
436,1.0,1.0,1.0,0.0,5.0,3.0,2.0,1.0,0.0,0.0,1.0,17.456995979849033
1229,1.0,1.0,1.0,0.0,3.0,5.0,1.0,5.0,1.0,1.0,1.0,9.67704958943722
665,0.0,1.0,1.0,1.0,4.0,1.0,0.0,5.0,0.0,1.0,1.0,12.155248229639422
603,0.0,0.0,0.0,0.0,5.0,5.0,1.0,2.0,0.0,1.0,1.0,4.840322257711277
1543,0.0,0.0,0.0,1.0,3.0,0.0,1.0,1.0,1.0,0.0,0.0,9.273359112828365
562,0.0,0.0,0.0,1.0,3.0,4.0,1.0,4.0,0.0,1.0,0.0,0.0325933568631393
1087,1.0,1.0,0.0,0.0,0.0,4.0,5.0,4.0,1.0,1.0,0.0,7.220273021550629
592,0.0,0.0,0.0,1.0,4.0,2.0,5.0,5.0,0.0,1.0,0.0,17.89234919300032
1622,0.0,0.0,1.0,1.0,4.0,2.0,5.0,0.0,1.0,0.0,1.0,6.773566159945647
565,0.0,0.0,1.0,0.0,3.0,2.0,3.0,3.0,0.0,1.0,1.0,2.465391222239095
1404,0.0,0.0,0.0,1.0,1.0,1.0,4.0,1.0,1.0,0.0,1.0,15.87320404686055
455,0.0,0.0,0.0,1.0,0.0,3.0,0.0,0.0,0.0,1.0,0.0,15.45231841516717
844,1.0,1.0,0.0,0.0,5.0,5.0,3.0,3.0,0.0,1.0,0.0,16.9546219253823
278,0.0,0.0,1.0,1.0,3.0,2.0,2.0,4.0,0.0,0.0,0.0,11.810942684125646
689,1.0,0.0,0.0,0.0,0.0,4.0,3.0,3.0,0.0,1.0,0.0,11.655515011049442
64,1.0,1.0,1.0,0.0,0.0,0.0,1.0,3.0,0.0,0.0,0.0,8.543317885073646
1358,1.0,1.0,1.0,1.0,0.0,5.0,3.0,4.0,1.0,0.0,0.0,10.788788022941636
1019,0.0,1.0,0.0,0.0,5.0,1.0,0.0,0.0,1.0,1.0,1.0,2.1192960572928365
536,0.0,0.0,1.0,1.0,2.0,3.0,3.0,3.0,0.0,1.0,0.0,16.930693711958074
1329,1.0,0.0,1.0,1.0,0.0,1.0,5.0,5.0,1.0,1.0,1.0,8.890711079345923
1270,1.0,1.0,1.0,0.0,5.0,3.0,1.0,1.0,1.0,1.0,0.0,1.9829167311029796
1355,1.0,1.0,1.0,1.0,0.0,2.0,0.0,3.0,1.0,0.0,0.0,1.6612579020617089
769,1.0,0.0,0.0,1.0,2.0,0.0,2.0,1.0,0.0,1.0,1.0,20.580934703915485
1614,0.0,1.0,1.0,1.0,4.0,3.0,5.0,5.0,1.0,0.0,1.0,-3.630173593621632
961,0.0,1.0,0.0,0.0,4.0,2.0,0.0,2.0,1.0,0.0,1.0,-1.185568390200744
1423,0.0,0.0,0.0,1.0,1.0,3.0,3.0,0.0,1.0,1.0,0.0,19.178548701749754
1725,1.0,1.0,0.0,1.0,5.0,0.0,1.0,1.0,1.0,0.0,0.0,17.211370452898247
1225,1.0,1.0,1.0,0.0,3.0,4.0,1.0,5.0,1.0,0.0,0.0,15.926421119396649
1634,0.0,1.0,0.0,1.0,4.0,0.0,2.0,2.0,1.0,1.0,0.0,0.5476812967866405
774,1.0,1.0,1.0,0.0,3.0,3.0,1.0,1.0,0.0,1.0,0.0,7.174976863991986
1695,0.0,0.0,1.0,1.0,5.0,4.0,3.0,3.0,1.0,0.0,1.0,19.16877005183795
512,0.0,0.0,0.0,0.0,2.0,3.0,5.0,5.0,0.0,1.0,1.0,-3.379388207549172
904,1.0,1.0,0.0,0.0,0.0,5.0,5.0,5.0,1.0,0.0,0.0,-0.8510573431908792
1241,1.0,1.0,1.0,0.0,4.0,0.0,0.0,5.0,1.0,0.0,0.0,14.44432121870577
699,1.0,1.0,1.0,0.0,0.0,3.0,3.0,3.0,0.0,1.0,1.0,20.953621918951363
865,1.0,1.0,1.0,1.0,5.0,5.0,0.0,1.0,0.0,1.0,1.0,7.040419607317114
931,1.0,1.0,0.0,0.0,0.0,0.0,3.0,3.0,1.0,0.0,0.0,16.027053452001077
1705,1.0,0.0,1.0,1.0,5.0,3.0,0.0,0.0,1.0,1.0,0.0,20.852767437570545
509,0.0,0.0,0.0,0.0,1.0,0.0,3.0,5.0,0.0,1.0,1.0,20.04687301423951
60,1.0,1.0,0.0,1.0,0.0,5.0,5.0,2.0,0.0,0.0,0.0,19.9984367458826
209,0.0,0.0,0.0,1.0,2.0,2.0,2.0,0.0,0.0,0.0,1.0,-2.062547549136129
1064,1.0,1.0,0.0,0.0,3.0,0.0,1.0,1.0,1.0,1.0,0.0,16.108129009012785
770,1.0,1.0,0.0,0.0,2.0,3.0,0.0,0.0,0.0,1.0,0.0,16.446035305359615
206,0.0,0.0,0.0,1.0,2.0,4.0,4.0,4.0,0.0,0.0,1.0,18.55606565127825
1524,1.0,1.0,0.0,1.0,2.0,5.0,5.0,5.0,1.0,1.0,1.0,21.38896442872312
1339,0.0,0.0,1.0,1.0,0.0,1.0,4.0,4.0,1.0,0.0,1.0,11.016583714107629
637,0.0,1.0,1.0,0.0,1.0,1.0,1.0,4.0,0.0,1.0,1.0,-2.66350739959693
1211,0.0,0.0,1.0,0.0,3.0,1.0,0.0,0.0,1.0,1.0,1.0,16.139791965748195
910,1.0,1.0,0.0,0.0,2.0,3.0,3.0,3.0,1.0,0.0,0.0,13.113714605571996
1685,1.0,0.0,0.0,1.0,5.0,0.0,5.0,5.0,1.0,0.0,0.0,9.81215145473736
805,1.0,1.0,0.0,0.0,4.0,2.0,1.0,0.0,0.0,1.0,1.0,12.371180911044547
1540,0.0,1.0,0.0,1.0,3.0,1.0,1.0,2.0,1.0,0.0,0.0,3.16059196423914
54,1.0,1.0,0.0,0.0,0.0,0.0,2.0,3.0,0.0,0.0,0.0,19.14342587721625
1511,1.0,0.0,1.0,1.0,2.0,0.0,3.0,3.0,1.0,1.0,0.0,4.391230746685158
682,1.0,0.0,1.0,0.0,0.0,3.0,2.0,2.0,0.0,1.0,0.0,11.842756914482491
499,0.0,0.0,0.0,0.0,1.0,4.0,3.0,1.0,0.0,1.0,1.0,14.22782313327316
1207,0.0,0.0,1.0,0.0,3.0,0.0,5.0,4.0,1.0,1.0,1.0,8.605379621612036
1179,0.0,0.0,1.0,0.0,2.0,1.0,0.0,2.0,1.0,0.0,0.0,17.22760079571323
428,0.0,0.0,1.0,0.0,5.0,0.0,5.0,3.0,0.0,0.0,1.0,5.798749256616576
1197,1.0,0.0,1.0,0.0,2.0,2.0,3.0,3.0,1.0,1.0,1.0,-4.187367533983057
256,0.0,0.0,0.0,1.0,3.0,4.0,0.0,0.0,0.0,0.0,0.0,21.8532915740912
66,1.0,0.0,0.0,0.0,0.0,3.0,1.0,1.0,0.0,0.0,0.0,1.3552968897013509
963,1.0,1.0,0.0,0.0,5.0,4.0,3.0,3.0,1.0,0.0,1.0,-2.7209054779477166
997,0.0,0.0,0.0,0.0,3.0,4.0,0.0,4.0,1.0,1.0,0.0,-3.427504785346698
1563,0.0,0.0,1.0,1.0,3.0,0.0,3.0,1.0,1.0,0.0,0.0,17.99194456855449
1448,0.0,1.0,1.0,1.0,1.0,4.0,0.0,0.0,1.0,1.0,0.0,1.341545790958322
323,0.0,1.0,0.0,1.0,4.0,2.0,1.0,3.0,0.0,0.0,0.0,11.840782980126695
1391,0.0,0.0,1.0,1.0,1.0,2.0,3.0,3.0,1.0,0.0,0.0,-3.0039408819985134
277,0.0,0.0,1.0,1.0,3.0,2.0,0.0,0.0,0.0,0.0,0.0,16.8132734497828
361,1.0,1.0,1.0,1.0,4.0,0.0,1.0,0.0,0.0,0.0,1.0,0.6174399487842637
667,0.0,1.0,1.0,1.0,3.0,4.0,2.0,5.0,0.0,1.0,0.0,13.94006060011186
625,0.0,1.0,0.0,0.0,4.0,2.0,1.0,1.0,0.0,1.0,0.0,3.6263333066319934
756,1.0,1.0,1.0,0.0,2.0,3.0,1.0,4.0,0.0,1.0,1.0,14.307291468932693
1479,1.0,1.0,1.0,1.0,2.0,5.0,1.0,4.0,1.0,0.0,0.0,20.503766868923083
385,1.0,1.0,1.0,0.0,4.0,0.0,2.0,2.0,0.0,0.0,1.0,8.076984870190444
1341,0.0,0.0,1.0,1.0,0.0,1.0,5.0,5.0,1.0,1.0,1.0,-0.2863387331288596
6,0.0,0.0,1.0,0.0,0.0,3.0,0.0,0.0,0.0,0.0,0.0,1.5584471856429545
346,1.0,1.0,0.0,1.0,4.0,4.0,0.0,0.0,0.0,0.0,0.0,14.491933843918918
1607,0.0,0.0,0.0,1.0,4.0,3.0,3.0,1.0,1.0,0.0,0.0,-1.7038081732133716
942,0.0,0.0,0.0,0.0,4.0,0.0,4.0,5.0,1.0,0.0,1.0,6.494757139587311
1199,1.0,1.0,1.0,0.0,2.0,4.0,4.0,4.0,1.0,1.0,0.0,-3.973138965942965
1184,1.0,1.0,1.0,0.0,2.0,1.0,0.0,1.0,1.0,0.0,1.0,17.730842298566813
1426,0.0,0.0,1.0,1.0,1.0,2.0,1.0,5.0,1.0,1.0,0.0,18.815947503503303
1538,1.0,1.0,1.0,1.0,3.0,0.0,3.0,3.0,1.0,0.0,0.0,20.204064032203025
124,0.0,0.0,0.0,1.0,1.0,3.0,4.0,4.0,0.0,0.0,0.0,-2.0022154560895684
922,1.0,1.0,0.0,0.0,2.0,5.0,4.0,2.0,1.0,0.0,0.0,8.10021375154928
1303,0.0,1.0,1.0,0.0,5.0,3.0,1.0,1.0,1.0,0.0,1.0,14.23918007124906
671,0.0,1.0,0.0,1.0,2.0,5.0,2.0,2.0,0.0,1.0,0.0,20.46790745485263
1052,1.0,0.0,0.0,0.0,2.0,5.0,4.0,4.0,1.0,1.0,1.0,-4.580179430283161
1601,1.0,1.0,0.0,1.0,4.0,2.0,0.0,4.0,1.0,0.0,1.0,13.419352955938889
1309,1.0,0.0,0.0,1.0,0.0,2.0,2.0,2.0,1.0,0.0,0.0,1.7800523579542258
862,1.0,0.0,1.0,0.0,5.0,5.0,0.0,2.0,0.0,1.0,1.0,3.769652811014169
414,0.0,0.0,0.0,1.0,5.0,5.0,5.0,4.0,0.0,0.0,0.0,-3.6281580917615264
643,0.0,1.0,1.0,0.0,5.0,4.0,3.0,2.0,0.0,1.0,0.0,-3.4163144444838838
639,0.0,1.0,1.0,0.0,0.0,1.0,3.0,4.0,0.0,1.0,0.0,16.30744505227561
1015,0.0,0.0,0.0,0.0,0.0,5.0,4.0,4.0,1.0,1.0,1.0,-3.3008797952141578
376,1.0,1.0,1.0,0.0,4.0,4.0,1.0,1.0,0.0,0.0,1.0,7.417560158902509
497,0.0,0.0,1.0,0.0,1.0,4.0,4.0,3.0,0.0,1.0,0.0,17.31489120667417
1298,0.0,0.0,1.0,0.0,5.0,4.0,0.0,0.0,1.0,1.0,1.0,9.105795382090877
1578,1.0,1.0,1.0,1.0,3.0,3.0,2.0,3.0,1.0,1.0,1.0,1.079322890082695
273,0.0,0.0,1.0,1.0,3.0,4.0,0.0,5.0,0.0,0.0,0.0,19.413332864124875
843,1.0,1.0,0.0,0.0,5.0,1.0,3.0,4.0,0.0,1.0,0.0,-3.339098038724883
355,1.0,1.0,0.0,0.0,4.0,4.0,0.0,0.0,0.0,0.0,1.0,15.484702428196634
1360,0.0,1.0,0.0,1.0,0.0,5.0,0.0,1.0,1.0,1.0,1.0,6.948860921018614
1694,0.0,0.0,1.0,1.0,5.0,1.0,3.0,1.0,1.0,1.0,0.0,5.535430455799196
1434,0.0,0.0,1.0,1.0,1.0,0.0,5.0,0.0,1.0,1.0,1.0,7.14434241458768
606,0.0,0.0,0.0,1.0,5.0,1.0,5.0,5.0,0.0,1.0,0.0,15.344492694276845
1193,1.0,1.0,1.0,0.0,2.0,0.0,4.0,4.0,1.0,1.0,1.0,12.147351087311666
607,0.0,0.0,1.0,0.0,5.0,2.0,3.0,3.0,0.0,1.0,0.0,-3.358156540616296
605,0.0,0.0,0.0,0.0,5.0,4.0,2.0,2.0,0.0,1.0,1.0,17.57647866988539
1466,0.0,0.0,0.0,1.0,2.0,5.0,0.0,2.0,1.0,0.0,1.0,3.2977556572247746
259,0.0,1.0,0.0,0.0,3.0,3.0,5.0,5.0,0.0,0.0,1.0,0.8282697403513115
808,1.0,1.0,0.0,0.0,4.0,1.0,4.0,0.0,0.0,1.0,0.0,1.4673942308322694
342,1.0,1.0,0.0,1.0,4.0,5.0,4.0,0.0,0.0,0.0,0.0,6.781748881769376
938,0.0,0.0,0.0,0.0,3.0,0.0,5.0,4.0,1.0,0.0,1.0,21.009987958664503
112,0.0,0.0,1.0,0.0,1.0,3.0,2.0,0.0,0.0,0.0,0.0,10.523957719827491
220,0.0,0.0,1.0,0.0,2.0,1.0,1.0,1.0,0.0,0.0,0.0,15.81040182750552
740,1.0,1.0,0.0,1.0,1.0,1.0,0.0,0.0,0.0,1.0,1.0,1.6119330032088195
1280,0.0,1.0,1.0,0.0,5.0,4.0,1.0,5.0,1.0,0.0,0.0,14.91367802873351
399,1.0,1.0,0.0,1.0,5.0,1.0,0.0,0.0,0.0,0.0,1.0,7.389169451349398
1177,0.0,0.0,1.0,0.0,2.0,2.0,2.0,2.0,1.0,0.0,0.0,8.779671233358522
1219,0.0,0.0,1.0,0.0,3.0,2.0,3.0,4.0,1.0,0.0,1.0,16.251773688809372
86,1.0,1.0,0.0,0.0,0.0,3.0,5.0,5.0,0.0,0.0,1.0,-4.8663401536281
1572,1.0,1.0,1.0,1.0,3.0,3.0,4.0,2.0,1.0,1.0,0.0,13.980150990998052
999,0.0,0.0,0.0,0.0,0.0,0.0,5.0,5.0,1.0,1.0,0.0,16.391094027126574
984,0.0,1.0,0.0,0.0,0.0,4.0,4.0,4.0,1.0,0.0,1.0,0.4095526771848545
973,1.0,1.0,0.0,0.0,3.0,4.0,0.0,0.0,1.0,0.0,1.0,13.495202353946231
610,0.0,0.0,1.0,0.0,5.0,2.0,5.0,5.0,0.0,1.0,0.0,8.264999896035029
291,1.0,1.0,1.0,0.0,3.0,3.0,1.0,0.0,0.0,0.0,1.0,1.9700415216848528
715,1.0,1.0,1.0,1.0,1.0,0.0,0.0,0.0,0.0,1.0,0.0,12.218462743522068
1501,0.0,0.0,0.0,1.0,2.0,2.0,5.0,4.0,1.0,1.0,1.0,13.997934928558731
1447,1.0,1.0,0.0,1.0,1.0,2.0,4.0,4.0,1.0,1.0,0.0,8.392404371161453
480,0.0,0.0,1.0,0.0,0.0,5.0,4.0,4.0,0.0,1.0,1.0,5.68588057986336
811,1.0,1.0,1.0,0.0,4.0,5.0,3.0,3.0,0.0,1.0,0.0,3.6643524073457865
149,1.0,1.0,0.0,1.0,1.0,0.0,3.0,5.0,0.0,0.0,1.0,18.247878705427496
893,0.0,0.0,0.0,0.0,5.0,4.0,3.0,3.0,1.0,0.0,0.0,-4.750466028189289
750,1.0,1.0,0.0,0.0,2.0,4.0,1.0,1.0,0.0,1.0,0.0,15.113438129759048
553,0.0,0.0,1.0,0.0,3.0,1.0,3.0,2.0,0.0,1.0,0.0,5.797681489128813
949,1.0,0.0,0.0,0.0,4.0,1.0,2.0,1.0,1.0,0.0,1.0,13.890701308154227
864,1.0,1.0,1.0,0.0,5.0,2.0,5.0,5.0,0.0,1.0,1.0,11.954918438176676
1222,1.0,0.0,1.0,0.0,3.0,3.0,5.0,5.0,1.0,0.0,0.0,-3.3129387306778684
897,0.0,0.0,0.0,0.0,3.0,4.0,1.0,0.0,1.0,0.0,0.0,1.1920821241959478
1422,1.0,1.0,0.0,1.0,1.0,0.0,4.0,4.0,1.0,0.0,0.0,-4.987275034680153
190,0.0,0.0,0.0,0.0,2.0,5.0,1.0,1.0,0.0,0.0,0.0,1.243347486944944
1103,1.0,0.0,1.0,0.0,0.0,1.0,5.0,3.0,1.0,0.0,1.0,12.07750374956131
709,1.0,1.0,0.0,1.0,0.0,3.0,2.0,1.0,0.0,1.0,1.0,8.217937700279128
74,1.0,1.0,0.0,1.0,0.0,2.0,0.0,0.0,0.0,0.0,1.0,15.34145657725205
1456,1.0,0.0,0.0,1.0,2.0,3.0,4.0,3.0,1.0,0.0,0.0,-4.914802243122952
1430,0.0,0.0,1.0,1.0,1.0,5.0,3.0,3.0,1.0,1.0,0.0,14.528795658332513
916,1.0,1.0,0.0,0.0,2.0,0.0,0.0,0.0,1.0,0.0,0.0,8.574792705971284
250,0.0,1.0,0.0,1.0,3.0,2.0,5.0,2.0,0.0,0.0,1.0,17.130524208501992
1368,1.0,1.0,0.0,1.0,0.0,3.0,5.0,3.0,1.0,0.0,0.0,20.628614631580515
262,0.0,1.0,0.0,0.0,3.0,2.0,0.0,0.0,0.0,0.0,1.0,-0.6028796284351499
1397,0.0,0.0,1.0,1.0,1.0,3.0,3.0,4.0,1.0,0.0,1.0,-2.8232606305136425
46,1.0,1.0,1.0,0.0,0.0,3.0,3.0,3.0,0.0,0.0,0.0,7.9070473297694015
736,1.0,0.0,0.0,1.0,1.0,2.0,4.0,4.0,0.0,1.0,1.0,5.116523549856554
1297,1.0,1.0,1.0,0.0,5.0,1.0,0.0,0.0,1.0,0.0,1.0,17.442986125000576
73,1.0,1.0,0.0,0.0,0.0,2.0,1.0,3.0,0.0,0.0,1.0,-4.4037768769972745
1292,0.0,1.0,1.0,0.0,5.0,3.0,3.0,0.0,1.0,1.0,1.0,6.443818678563144
1053,1.0,1.0,0.0,0.0,1.0,1.0,5.0,5.0,1.0,1.0,1.0,15.731628764915987
388,1.0,1.0,1.0,0.0,4.0,5.0,4.0,4.0,0.0,0.0,0.0,10.093939676315022
1414,0.0,1.0,1.0,1.0,1.0,1.0,4.0,4.0,1.0,0.0,1.0,-2.9368870320441944
1714,1.0,1.0,1.0,1.0,5.0,1.0,4.0,5.0,1.0,0.0,0.0,14.915072656927556
1363,1.0,1.0,1.0,1.0,0.0,5.0,0.0,0.0,1.0,1.0,1.0,1.2433283346104131
677,1.0,1.0,1.0,1.0,0.0,5.0,5.0,3.0,0.0,1.0,0.0,11.162673029221969
958,0.0,0.0,0.0,0.0,5.0,4.0,5.0,3.0,1.0,0.0,1.0,7.528593570773692
879,0.0,0.0,0.0,0.0,0.0,2.0,4.0,4.0,1.0,0.0,0.0,21.077237432657054
1604,0.0,1.0,0.0,1.0,4.0,2.0,1.0,0.0,1.0,0.0,0.0,-2.838261077438325
1651,0.0,0.0,0.0,1.0,4.0,3.0,4.0,4.0,1.0,1.0,0.0,7.066039373230886
295,1.0,1.0,1.0,0.0,3.0,2.0,1.0,1.0,0.0,0.0,1.0,4.650614939692723
1697,0.0,0.0,1.0,1.0,5.0,5.0,1.0,1.0,1.0,1.0,0.0,5.200681885892724
397,1.0,1.0,0.0,0.0,5.0,1.0,1.0,1.0,0.0,0.0,1.0,13.5744502624702
139,1.0,1.0,0.0,0.0,1.0,4.0,4.0,5.0,0.0,0.0,1.0,6.255316313484689
595,0.0,0.0,1.0,1.0,4.0,2.0,2.0,2.0,0.0,1.0,1.0,15.523133112205445
422,0.0,0.0,0.0,1.0,5.0,5.0,1.0,1.0,0.0,0.0,1.0,10.37770913428509
651,0.0,1.0,1.0,1.0,0.0,5.0,4.0,4.0,0.0,1.0,0.0,12.155705726237764
1687,0.0,0.0,0.0,1.0,5.0,3.0,3.0,0.0,1.0,1.0,1.0,4.544996157705963
1145,0.0,0.0,1.0,0.0,1.0,0.0,5.0,5.0,1.0,0.0,0.0,3.521707124050206
482,0.0,0.0,1.0,1.0,1.0,5.0,2.0,0.0,0.0,1.0,0.0,15.592435419523229
1606,1.0,0.0,0.0,1.0,4.0,4.0,2.0,2.0,1.0,0.0,0.0,15.759783083952232
593,0.0,0.0,0.0,1.0,4.0,3.0,1.0,1.0,0.0,1.0,1.0,12.259114703367246
468,0.0,0.0,1.0,1.0,0.0,3.0,1.0,1.0,0.0,1.0,0.0,15.985983692126752
557,0.0,0.0,1.0,1.0,3.0,0.0,0.0,0.0,0.0,1.0,0.0,-3.8415688303157935
631,0.0,1.0,0.0,0.0,0.0,3.0,0.0,3.0,0.0,1.0,0.0,-3.314490343684289
1576,0.0,0.0,0.0,1.0,3.0,2.0,1.0,3.0,1.0,1.0,0.0,-4.730868759413856
1548,0.0,1.0,1.0,1.0,3.0,3.0,4.0,1.0,1.0,0.0,1.0,14.850797698540797
1553,1.0,1.0,1.0,1.0,3.0,3.0,1.0,1.0,1.0,0.0,0.0,15.855059508646082
1494,0.0,0.0,0.0,1.0,2.0,1.0,4.0,1.0,1.0,1.0,1.0,19.974542035846174
1462,0.0,0.0,1.0,1.0,2.0,4.0,5.0,1.0,1.0,0.0,0.0,2.2518209912172638
572,0.0,0.0,0.0,0.0,4.0,4.0,1.0,1.0,0.0,1.0,1.0,-2.2258733750705737
192,0.0,0.0,0.0,0.0,2.0,4.0,2.0,3.0,0.0,0.0,0.0,-0.7471684366316591
886,0.0,0.0,0.0,0.0,3.0,0.0,5.0,0.0,1.0,0.0,0.0,17.752394450944614
1163,0.0,0.0,1.0,0.0,1.0,5.0,5.0,1.0,1.0,1.0,1.0,-3.071272824444007
1079,1.0,1.0,0.0,0.0,0.0,5.0,0.0,3.0,1.0,1.0,1.0,-4.061638393184721
1443,1.0,1.0,0.0,1.0,1.0,4.0,2.0,2.0,1.0,1.0,1.0,8.165596384856421
544,0.0,0.0,0.0,0.0,3.0,3.0,0.0,0.0,0.0,1.0,1.0,-2.448345641662752
515,0.0,0.0,1.0,0.0,2.0,1.0,2.0,2.0,0.0,1.0,0.0,5.979238532512181
1616,0.0,0.0,1.0,1.0,4.0,2.0,0.0,0.0,1.0,0.0,0.0,17.73210256145498
1155,1.0,0.0,1.0,0.0,1.0,5.0,2.0,2.0,1.0,1.0,1.0,4.694029790845214
1556,0.0,0.0,0.0,1.0,3.0,1.0,5.0,5.0,1.0,0.0,0.0,9.861713664469711
1407,1.0,1.0,1.0,1.0,1.0,2.0,0.0,4.0,1.0,0.0,0.0,18.831708750389417
1715,1.0,1.0,0.0,1.0,5.0,4.0,2.0,1.0,1.0,0.0,0.0,10.343835234911127
1122,1.0,1.0,1.0,0.0,0.0,3.0,2.0,0.0,1.0,1.0,0.0,6.873746934612669
1429,0.0,0.0,0.0,1.0,1.0,5.0,2.0,2.0,1.0,1.0,1.0,18.172875062944204
1551,0.0,0.0,1.0,1.0,3.0,1.0,4.0,4.0,1.0,0.0,0.0,13.9306377383292
653,0.0,1.0,0.0,1.0,1.0,0.0,2.0,5.0,0.0,1.0,1.0,0.7817090493177057
10,0.0,1.0,1.0,0.0,0.0,3.0,3.0,0.0,0.0,0.0,0.0,1.0318383380570673
1285,1.0,0.0,1.0,0.0,5.0,5.0,3.0,3.0,1.0,1.0,1.0,18.411228967827075
675,1.0,1.0,0.0,1.0,0.0,0.0,3.0,3.0,0.0,1.0,0.0,16.139698140094666
829,1.0,1.0,0.0,1.0,4.0,0.0,1.0,5.0,0.0,1.0,0.0,8.744403592773239
1286,0.0,0.0,1.0,0.0,5.0,3.0,4.0,4.0,1.0,1.0,1.0,1.9680778362087403
530,0.0,0.0,1.0,1.0,2.0,5.0,0.0,0.0,0.0,1.0,1.0,-4.799185951398421
131,0.0,0.0,0.0,1.0,1.0,3.0,5.0,5.0,0.0,0.0,0.0,15.102891989446146
1324,1.0,0.0,1.0,1.0,0.0,3.0,0.0,3.0,1.0,1.0,1.0,11.89899030191478
833,1.0,1.0,1.0,1.0,4.0,4.0,4.0,3.0,0.0,1.0,1.0,10.409622252416304
8,0.0,1.0,1.0,0.0,0.0,2.0,5.0,4.0,0.0,0.0,0.0,-0.2951075624169883
1517,0.0,1.0,0.0,1.0,2.0,5.0,3.0,2.0,1.0,1.0,0.0,4.666246533204237
990,0.0,0.0,0.0,0.0,2.0,2.0,5.0,4.0,1.0,1.0,0.0,5.667840838190886
996,0.0,0.0,0.0,0.0,1.0,2.0,3.0,2.0,1.0,1.0,0.0,20.593718801604165
2,0.0,0.0,0.0,0.0,0.0,2.0,2.0,2.0,0.0,0.0,1.0,17.249894788216224
1195,1.0,1.0,1.0,0.0,2.0,0.0,3.0,3.0,1.0,1.0,1.0,17.64593696902281
88,1.0,1.0,0.0,1.0,0.0,4.0,1.0,5.0,0.0,0.0,1.0,-2.950328034759389
1626,1.0,1.0,1.0,1.0,4.0,3.0,0.0,0.0,1.0,0.0,1.0,-3.608566874889904
417,1.0,1.0,0.0,0.0,5.0,4.0,2.0,2.0,0.0,0.0,0.0,3.196240998724182
1071,1.0,1.0,0.0,0.0,1.0,5.0,1.0,4.0,1.0,1.0,1.0,-4.210867908900017
335,1.0,1.0,0.0,1.0,4.0,4.0,4.0,2.0,0.0,0.0,1.0,7.684632842035556
611,0.0,0.0,1.0,1.0,5.0,1.0,4.0,4.0,0.0,1.0,1.0,12.749739950133542
305,1.0,1.0,0.0,1.0,3.0,4.0,2.0,2.0,0.0,0.0,1.0,20.81676894142393
1421,1.0,1.0,1.0,1.0,1.0,3.0,0.0,0.0,1.0,0.0,1.0,13.14905468012719
229,1.0,1.0,1.0,1.0,2.0,3.0,3.0,2.0,0.0,0.0,0.0,14.521524247988538
1301,0.0,1.0,1.0,0.0,5.0,5.0,5.0,4.0,1.0,0.0,1.0,-0.4939951461938463
738,1.0,1.0,1.0,1.0,1.0,0.0,0.0,3.0,0.0,1.0,1.0,1.1936935525080017
386,1.0,1.0,1.0,1.0,4.0,5.0,4.0,1.0,0.0,0.0,1.0,20.254678398586258
636,0.0,1.0,0.0,0.0,0.0,4.0,5.0,2.0,0.0,1.0,1.0,-1.791805794846626
987,0.0,0.0,0.0,0.0,0.0,4.0,2.0,2.0,1.0,1.0,0.0,0.620189886321012
920,1.0,1.0,0.0,0.0,5.0,4.0,3.0,4.0,1.0,0.0,0.0,15.371414601584096
371,0.0,0.0,1.0,0.0,4.0,1.0,3.0,3.0,0.0,0.0,1.0,20.588431616501868
353,1.0,0.0,0.0,1.0,4.0,5.0,0.0,3.0,0.0,0.0,0.0,9.68923391203425
1663,1.0,1.0,0.0,1.0,4.0,0.0,5.0,1.0,1.0,1.0,1.0,-2.3590612436717047
462,0.0,0.0,0.0,1.0,0.0,2.0,4.0,4.0,0.0,1.0,0.0,0.1532249620614996
1083,1.0,1.0,0.0,0.0,1.0,2.0,0.0,0.0,1.0,1.0,0.0,0.464080583777358
803,1.0,1.0,0.0,1.0,3.0,0.0,3.0,3.0,0.0,1.0,1.0,10.39608641432728
231,1.0,1.0,1.0,0.0,2.0,1.0,2.0,3.0,0.0,0.0,1.0,0.6809850716060568
1605,1.0,1.0,0.0,1.0,4.0,5.0,4.0,4.0,1.0,0.0,0.0,2.7998065851530995
623,0.0,1.0,1.0,0.0,0.0,1.0,5.0,3.0,0.0,1.0,1.0,3.815404062641747
693,1.0,1.0,1.0,1.0,0.0,1.0,0.0,0.0,0.0,1.0,0.0,-3.457668933790455
136,0.0,0.0,0.0,0.0,1.0,0.0,4.0,1.0,0.0,0.0,1.0,8.740271408350434
83,1.0,0.0,1.0,0.0,0.0,2.0,3.0,4.0,0.0,0.0,1.0,5.315787826453118
87,1.0,1.0,1.0,1.0,0.0,4.0,1.0,4.0,0.0,0.0,1.0,0.8114007912359815
1202,1.0,1.0,1.0,0.0,2.0,3.0,5.0,0.0,1.0,1.0,0.0,8.547402816812504
176,1.0,1.0,1.0,1.0,1.0,3.0,5.0,0.0,0.0,0.0,1.0,21.545642652051686
716,1.0,1.0,0.0,1.0,1.0,3.0,4.0,4.0,0.0,1.0,0.0,8.972417975618914
520,0.0,0.0,0.0,1.0,2.0,4.0,2.0,2.0,0.0,1.0,0.0,17.366264958333392
891,0.0,0.0,0.0,0.0,0.0,3.0,4.0,4.0,1.0,0.0,0.0,1.3178462423563335
403,0.0,0.0,0.0,0.0,5.0,0.0,3.0,3.0,0.0,0.0,0.0,16.39810025873721
257,0.0,1.0,0.0,1.0,3.0,1.0,1.0,5.0,0.0,0.0,1.0,-0.4149656591537729
1282,1.0,1.0,1.0,0.0,5.0,1.0,3.0,4.0,1.0,1.0,1.0,18.17533795719713
302,1.0,1.0,0.0,1.0,3.0,4.0,3.0,2.0,0.0,0.0,1.0,19.10537482017462
1440,1.0,1.0,0.0,1.0,1.0,5.0,1.0,1.0,1.0,1.0,1.0,4.8140119675990825
1583,1.0,1.0,0.0,1.0,3.0,0.0,4.0,4.0,1.0,1.0,0.0,2.9554074651449023
140,1.0,1.0,0.0,1.0,1.0,3.0,3.0,3.0,0.0,0.0,1.0,15.534450162962898
678,1.0,1.0,0.0,0.0,0.0,4.0,5.0,5.0,0.0,1.0,0.0,7.202110214088783
1238,1.0,1.0,1.0,0.0,3.0,5.0,4.0,4.0,1.0,1.0,1.0,0.920104867169912
1135,1.0,1.0,1.0,0.0,1.0,0.0,3.0,3.0,1.0,0.0,0.0,4.351064713115628
1519,1.0,1.0,0.0,1.0,2.0,5.0,1.0,4.0,1.0,1.0,0.0,2.0408505351962214
630,0.0,1.0,0.0,0.0,5.0,5.0,2.0,5.0,0.0,1.0,0.0,14.967692575905916
1667,1.0,1.0,0.0,1.0,4.0,3.0,5.0,2.0,1.0,1.0,0.0,12.451282900853403
970,1.0,1.0,0.0,0.0,2.0,4.0,0.0,4.0,1.0,0.0,1.0,10.66854447165746
1257,0.0,0.0,1.0,0.0,4.0,2.0,3.0,4.0,1.0,1.0,1.0,-4.588831421678653
705,1.0,1.0,0.0,0.0,0.0,0.0,2.0,2.0,0.0,1.0,1.0,18.081682880486643
1354,1.0,1.0,1.0,1.0,0.0,2.0,4.0,4.0,1.0,1.0,0.0,13.074124353974796
1541,0.0,1.0,1.0,1.0,3.0,1.0,0.0,0.0,1.0,0.0,1.0,7.971198417335
933,1.0,1.0,0.0,0.0,4.0,3.0,2.0,5.0,1.0,0.0,0.0,17.469573970007392
477,0.0,0.0,0.0,0.0,0.0,0.0,0.0,0.0,0.0,1.0,1.0,2.643293221483262
573,0.0,0.0,0.0,0.0,4.0,5.0,4.0,3.0,0.0,1.0,1.0,10.251051874515989
609,0.0,0.0,1.0,1.0,5.0,4.0,3.0,2.0,0.0,1.0,1.0,16.211991984502323
98,1.0,0.0,1.0,0.0,0.0,0.0,1.0,2.0,0.0,0.0,1.0,1.9747942174111923
989,0.0,0.0,0.0,0.0,4.0,1.0,2.0,3.0,1.0,1.0,0.0,-2.665570263756638
975,1.0,1.0,0.0,0.0,4.0,2.0,0.0,5.0,1.0,0.0,1.0,-3.497290966294264
77,1.0,1.0,0.0,1.0,0.0,1.0,4.0,4.0,0.0,0.0,1.0,10.742765664172287
1314,1.0,0.0,0.0,1.0,0.0,1.0,1.0,1.0,1.0,0.0,1.0,19.410993448735177
650,0.0,1.0,0.0,1.0,5.0,4.0,1.0,5.0,0.0,1.0,0.0,6.04848239490282
1535,0.0,0.0,0.0,1.0,3.0,1.0,3.0,3.0,1.0,0.0,0.0,18.66119736176389
1110,0.0,1.0,1.0,0.0,0.0,1.0,1.0,1.0,1.0,0.0,1.0,-0.4306074743847334
1730,1.0,1.0,1.0,1.0,5.0,2.0,0.0,2.0,1.0,1.0,0.0,0.0893106667364662
616,0.0,0.0,0.0,0.0,5.0,0.0,0.0,0.0,0.0,1.0,1.0,18.29952355775108
1224,0.0,0.0,1.0,0.0,3.0,3.0,1.0,1.0,1.0,0.0,0.0,-3.480692590854185
1480,1.0,1.0,1.0,1.0,2.0,4.0,3.0,2.0,1.0,0.0,0.0,20.735145869025693
979,0.0,1.0,0.0,0.0,3.0,3.0,3.0,3.0,1.0,0.0,1.0,3.073671896929314
145,0.0,1.0,0.0,0.0,1.0,5.0,5.0,2.0,0.0,0.0,1.0,12.6520323764013
76,1.0,1.0,0.0,0.0,0.0,1.0,5.0,5.0,0.0,0.0,1.0,-2.2689086186550576
1703,1.0,0.0,1.0,1.0,5.0,3.0,5.0,4.0,1.0,1.0,1.0,4.944059468707577
1402,0.0,0.0,1.0,1.0,1.0,5.0,1.0,1.0,1.0,0.0,1.0,16.143864630592653
243,1.0,1.0,1.0,0.0,2.0,4.0,5.0,5.0,0.0,0.0,0.0,21.26968128793375
757,1.0,0.0,0.0,1.0,2.0,3.0,2.0,4.0,0.0,1.0,1.0,16.56862958341993
850,1.0,1.0,0.0,1.0,5.0,3.0,1.0,5.0,0.0,1.0,0.0,12.219214697381291
772,1.0,0.0,1.0,1.0,2.0,0.0,4.0,2.0,0.0,1.0,0.0,6.784750464830312
1287,1.0,1.0,1.0,0.0,5.0,4.0,5.0,5.0,1.0,0.0,1.0,15.208368958093873
263,0.0,0.0,0.0,0.0,3.0,5.0,1.0,1.0,0.0,0.0,1.0,-3.741586265004712
1516,0.0,1.0,0.0,1.0,2.0,0.0,3.0,3.0,1.0,1.0,0.0,8.844408164267692
330,0.0,0.0,0.0,0.0,4.0,0.0,1.0,2.0,0.0,0.0,1.0,16.24107446359675
791,1.0,1.0,1.0,1.0,3.0,0.0,2.0,2.0,0.0,1.0,1.0,10.887084524653169
1,0.0,0.0,0.0,0.0,0.0,4.0,4.0,4.0,0.0,0.0,1.0,17.937416538714164
186,1.0,1.0,0.0,0.0,2.0,2.0,3.0,5.0,0.0,0.0,0.0,18.176088271853427
1686,0.0,0.0,0.0,1.0,5.0,4.0,5.0,5.0,1.0,0.0,0.0,-1.875662610495875
1559,1.0,0.0,1.0,1.0,3.0,1.0,1.0,1.0,1.0,0.0,0.0,17.891450969741904
97,1.0,1.0,0.0,1.0,0.0,1.0,3.0,3.0,0.0,0.0,1.0,-4.949240839170753
1743,1.0,1.0,0.0,1.0,5.0,5.0,2.0,2.0,1.0,1.0,0.0,17.624040657638435
1304,0.0,0.0,1.0,0.0,5.0,2.0,4.0,4.0,1.0,0.0,1.0,3.66610409632451
481,0.0,0.0,0.0,1.0,0.0,3.0,4.0,5.0,0.0,1.0,0.0,-1.301641817059135
1159,0.0,0.0,1.0,0.0,1.0,1.0,0.0,0.0,1.0,1.0,1.0,12.754442308975438
539,0.0,0.0,1.0,0.0,2.0,3.0,3.0,4.0,0.0,1.0,0.0,2.58947147460346
1162,1.0,1.0,1.0,0.0,1.0,3.0,4.0,3.0,1.0,0.0,1.0,20.75485617865437
621,0.0,1.0,1.0,0.0,4.0,3.0,4.0,4.0,0.0,1.0,1.0,-1.7738946166784677
600,0.0,0.0,1.0,1.0,5.0,5.0,4.0,5.0,0.0,1.0,1.0,12.780028666118213
1487,1.0,1.0,0.0,1.0,2.0,5.0,3.0,3.0,1.0,0.0,1.0,1.4292515977124405
483,0.0,0.0,0.0,0.0,1.0,5.0,1.0,1.0,0.0,1.0,0.0,16.764062480549246
1692,0.0,0.0,1.0,1.0,5.0,2.0,0.0,5.0,1.0,1.0,1.0,3.7330234484524034
881,0.0,0.0,0.0,0.0,3.0,1.0,2.0,2.0,1.0,0.0,0.0,-0.1148525530885553
368,0.0,1.0,1.0,1.0,4.0,1.0,1.0,3.0,0.0,0.0,0.0,16.368208901306957
1061,1.0,1.0,0.0,0.0,1.0,0.0,4.0,2.0,1.0,1.0,1.0,19.583831343312365
737,1.0,1.0,1.0,1.0,1.0,5.0,0.0,3.0,0.0,1.0,1.0,14.667546766571636
1384,1.0,1.0,1.0,1.0,0.0,5.0,3.0,3.0,1.0,0.0,0.0,11.28046159729793
946,0.0,0.0,0.0,0.0,4.0,4.0,0.0,1.0,1.0,0.0,1.0,9.111855410637432
313,0.0,0.0,0.0,0.0,4.0,4.0,0.0,5.0,0.0,0.0,0.0,2.4222706580255826
1566,0.0,0.0,1.0,1.0,3.0,0.0,2.0,5.0,1.0,0.0,1.0,2.1816358435285688
955,0.0,0.0,0.0,0.0,0.0,5.0,2.0,1.0,1.0,0.0,1.0,-4.051999627784535
1016,0.0,0.0,0.0,0.0,3.0,1.0,4.0,3.0,1.0,1.0,1.0,0.3406821340816872
260,0.0,0.0,0.0,0.0,3.0,1.0,2.0,2.0,0.0,0.0,1.0,-1.221453280814687
1132,0.0,0.0,1.0,0.0,1.0,4.0,1.0,1.0,1.0,0.0,0.0,-0.9564708242629578
909,1.0,1.0,0.0,0.0,4.0,1.0,4.0,4.0,1.0,0.0,0.0,9.74409326857584
7,0.0,0.0,1.0,0.0,0.0,5.0,2.0,4.0,0.0,0.0,1.0,15.836790288130144
1629,1.0,0.0,1.0,1.0,4.0,1.0,1.0,1.0,1.0,0.0,0.0,12.94212824504783
1401,0.0,0.0,0.0,1.0,1.0,5.0,2.0,2.0,1.0,0.0,1.0,13.028653218277846
264,0.0,0.0,0.0,1.0,3.0,4.0,0.0,0.0,0.0,0.0,1.0,-4.971364655122122
764,1.0,0.0,1.0,0.0,2.0,5.0,1.0,1.0,0.0,1.0,0.0,2.184104493048653
812,1.0,1.0,1.0,0.0,4.0,0.0,5.0,5.0,0.0,1.0,0.0,5.2885898893488505
1482,1.0,1.0,0.0,1.0,2.0,0.0,3.0,2.0,1.0,0.0,0.0,5.079755074666245
995,0.0,0.0,0.0,0.0,3.0,1.0,2.0,4.0,1.0,1.0,0.0,1.9312888854295036
885,1.0,0.0,0.0,0.0,5.0,3.0,4.0,4.0,1.0,0.0,0.0,15.2663540860782
1581,0.0,0.0,0.0,1.0,3.0,3.0,3.0,1.0,1.0,1.0,1.0,12.920663980383338
834,1.0,1.0,0.0,1.0,4.0,4.0,3.0,4.0,0.0,1.0,1.0,4.639666127270651
215,1.0,0.0,1.0,0.0,2.0,3.0,0.0,0.0,0.0,0.0,1.0,4.165193103943567
797,1.0,1.0,1.0,1.0,3.0,3.0,1.0,5.0,0.0,1.0,1.0,9.95343194469666
487,0.0,0.0,1.0,0.0,1.0,4.0,5.0,3.0,0.0,1.0,0.0,9.794494711589133
1710,1.0,1.0,1.0,1.0,5.0,2.0,5.0,0.0,1.0,0.0,1.0,6.548873743368652
1547,1.0,1.0,0.0,1.0,3.0,4.0,4.0,4.0,1.0,0.0,0.0,1.5557333904725097
1011,0.0,0.0,0.0,0.0,0.0,3.0,4.0,0.0,1.0,1.0,1.0,-4.954197235758713
162,1.0,1.0,1.0,0.0,1.0,1.0,1.0,4.0,0.0,0.0,1.0,19.548320125902915
449,0.0,1.0,1.0,0.0,5.0,1.0,3.0,3.0,0.0,0.0,0.0,18.901394710508157
100,1.0,1.0,0.0,0.0,0.0,2.0,5.0,2.0,0.0,0.0,1.0,1.6540684877302718
615,0.0,0.0,0.0,1.0,5.0,5.0,1.0,5.0,0.0,1.0,0.0,-3.390929069210356
518,0.0,0.0,1.0,0.0,2.0,0.0,0.0,2.0,0.0,1.0,1.0,21.04596968008415
1455,0.0,0.0,1.0,1.0,2.0,2.0,0.0,0.0,1.0,0.0,0.0,6.910464773624023
236,1.0,1.0,1.0,0.0,2.0,1.0,4.0,4.0,0.0,0.0,0.0,4.383823771097795
1119,1.0,1.0,1.0,0.0,0.0,4.0,5.0,5.0,1.0,1.0,0.0,12.614246095056496
673,0.0,1.0,0.0,1.0,1.0,1.0,1.0,1.0,0.0,1.0,1.0,19.66355430801611
1539,0.0,0.0,1.0,1.0,3.0,5.0,5.0,3.0,1.0,0.0,0.0,3.573389825406016
373,1.0,1.0,1.0,1.0,4.0,0.0,5.0,2.0,0.0,0.0,0.0,12.86157484374144
1371,1.0,1.0,0.0,1.0,0.0,2.0,3.0,3.0,1.0,0.0,0.0,-1.503500039107882
1040,1.0,0.0,0.0,0.0,3.0,3.0,5.0,2.0,1.0,1.0,0.0,-3.5891498046226684
1463,0.0,0.0,0.0,1.0,2.0,0.0,4.0,4.0,1.0,0.0,0.0,21.30808249203743
1676,0.0,0.0,0.0,1.0,5.0,0.0,1.0,0.0,1.0,0.0,0.0,7.023605872266131
1131,1.0,0.0,1.0,0.0,0.0,0.0,2.0,0.0,1.0,1.0,0.0,3.877829895594276
972,1.0,1.0,0.0,0.0,0.0,5.0,3.0,3.0,1.0,0.0,1.0,11.588308138892824
1723,1.0,1.0,1.0,1.0,5.0,3.0,1.0,1.0,1.0,0.0,1.0,9.677543508552708
226,0.0,0.0,1.0,0.0,2.0,2.0,4.0,4.0,0.0,0.0,0.0,-4.568342239858491
68,1.0,1.0,0.0,1.0,0.0,3.0,0.0,0.0,0.0,0.0,0.0,19.0675140635261
1495,0.0,0.0,1.0,1.0,2.0,0.0,1.0,1.0,1.0,1.0,0.0,8.857104490188439
111,0.0,0.0,0.0,0.0,1.0,0.0,2.0,1.0,0.0,0.0,0.0,21.382117332551164
410,1.0,1.0,0.0,1.0,5.0,5.0,0.0,0.0,0.0,0.0,1.0,20.448669249690703
1128,1.0,0.0,1.0,0.0,0.0,2.0,5.0,1.0,1.0,1.0,0.0,-0.6200881133643872
947,0.0,0.0,0.0,0.0,2.0,0.0,2.0,3.0,1.0,0.0,1.0,-1.3172648003906384
1277,1.0,1.0,1.0,0.0,5.0,1.0,0.0,1.0,1.0,0.0,0.0,13.964912310486834
1361,0.0,1.0,0.0,1.0,0.0,2.0,0.0,0.0,1.0,0.0,1.0,-2.831426495388573
1281,1.0,1.0,1.0,0.0,5.0,2.0,4.0,2.0,1.0,0.0,0.0,2.193946406430345
983,1.0,1.0,0.0,0.0,5.0,3.0,4.0,4.0,1.0,0.0,1.0,14.61452138546359
4,0.0,0.0,1.0,0.0,0.0,2.0,1.0,2.0,0.0,0.0,1.0,9.157637220498524
117,1.0,1.0,1.0,0.0,1.0,0.0,2.0,5.0,0.0,0.0,0.0,-3.90617553138655
1514,1.0,1.0,1.0,1.0,2.0,0.0,3.0,0.0,1.0,1.0,1.0,-3.6827707169646136
349,1.0,1.0,0.0,0.0,4.0,0.0,0.0,0.0,0.0,0.0,0.0,0.4022634435688443
181,1.0,0.0,0.0,0.0,2.0,4.0,2.0,2.0,0.0,0.0,0.0,-4.34163485447629
876,0.0,0.0,0.0,0.0,4.0,3.0,2.0,2.0,1.0,0.0,0.0,2.589115444326976
598,0.0,0.0,0.0,1.0,5.0,1.0,3.0,5.0,0.0,1.0,1.0,18.93338234602004
1383,1.0,1.0,1.0,1.0,0.0,3.0,4.0,3.0,1.0,0.0,0.0,13.305320027595323
759,1.0,1.0,1.0,0.0,2.0,3.0,4.0,4.0,0.0,1.0,0.0,0.353395955132413
122,0.0,1.0,1.0,1.0,1.0,3.0,3.0,1.0,0.0,0.0,0.0,5.703185807718755
694,1.0,0.0,1.0,0.0,0.0,1.0,4.0,2.0,0.0,1.0,0.0,4.168778639596896
1269,1.0,1.0,1.0,0.0,5.0,1.0,3.0,3.0,1.0,1.0,0.0,-2.364995742375584
1485,1.0,1.0,0.0,1.0,2.0,0.0,4.0,2.0,1.0,0.0,1.0,-1.4646388916893014
1161,0.0,0.0,1.0,0.0,1.0,1.0,5.0,5.0,1.0,0.0,1.0,18.48788243800228
125,0.0,1.0,0.0,1.0,1.0,3.0,1.0,1.0,0.0,0.0,0.0,-4.788562908950648
1674,0.0,0.0,0.0,1.0,5.0,5.0,3.0,1.0,1.0,1.0,1.0,19.0673080638542
1045,1.0,0.0,0.0,0.0,4.0,0.0,0.0,3.0,1.0,1.0,0.0,15.79087208260588
866,1.0,1.0,0.0,1.0,5.0,2.0,3.0,3.0,0.0,1.0,1.0,6.238620150351082
239,1.0,1.0,1.0,0.0,2.0,2.0,2.0,2.0,0.0,0.0,1.0,17.894643235672586
1451,0.0,1.0,1.0,1.0,1.0,2.0,5.0,0.0,1.0,1.0,0.0,-4.187533909893454
687,1.0,0.0,1.0,1.0,0.0,4.0,0.0,0.0,0.0,1.0,0.0,15.223938459468254
723,1.0,1.0,1.0,0.0,1.0,4.0,5.0,1.0,0.0,1.0,0.0,12.686740649595077
1306,1.0,1.0,1.0,0.0,5.0,4.0,5.0,5.0,1.0,0.0,1.0,-2.818289538675708
703,1.0,1.0,1.0,0.0,0.0,3.0,3.0,4.0,0.0,1.0,1.0,8.862663525935712
1204,0.0,0.0,1.0,0.0,3.0,5.0,0.0,2.0,1.0,0.0,1.0,16.93131044296479
720,1.0,1.0,0.0,1.0,1.0,5.0,3.0,3.0,0.0,1.0,0.0,-1.7758604582565778
1315,0.0,0.0,0.0,1.0,0.0,3.0,5.0,0.0,1.0,0.0,0.0,18.57142349529409
1530,1.0,1.0,1.0,1.0,2.0,2.0,1.0,1.0,1.0,1.0,1.0,-3.316102462110149
63,1.0,1.0,1.0,0.0,0.0,4.0,0.0,0.0,0.0,0.0,0.0,18.298881637445284
1427,1.0,0.0,1.0,1.0,1.0,5.0,0.0,0.0,1.0,1.0,0.0,20.505887658763893
1206,0.0,0.0,1.0,0.0,3.0,5.0,3.0,3.0,1.0,1.0,0.0,21.00480899893912
445,0.0,1.0,1.0,0.0,5.0,0.0,3.0,3.0,0.0,0.0,1.0,2.7581247050881146
868,1.0,1.0,1.0,1.0,5.0,2.0,4.0,4.0,0.0,1.0,1.0,2.202088848915735
1290,0.0,0.0,1.0,0.0,5.0,5.0,4.0,4.0,1.0,0.0,1.0,0.7649348064595376
719,1.0,1.0,0.0,0.0,1.0,2.0,2.0,2.0,0.0,1.0,0.0,9.189928665888845
127,0.0,0.0,1.0,1.0,1.0,2.0,2.0,4.0,0.0,0.0,0.0,1.727170016847193
962,1.0,1.0,0.0,0.0,5.0,1.0,4.0,4.0,1.0,0.0,1.0,6.042061764550311
1141,0.0,0.0,1.0,0.0,1.0,4.0,2.0,1.0,1.0,1.0,0.0,9.596423441492034
1170,1.0,1.0,1.0,0.0,2.0,0.0,0.0,0.0,1.0,0.0,1.0,20.537447437367288
1488,1.0,1.0,0.0,1.0,2.0,5.0,0.0,4.0,1.0,0.0,0.0,0.030021388355343
1406,0.0,1.0,1.0,1.0,1.0,0.0,4.0,4.0,1.0,0.0,1.0,11.591916789711878
1267,1.0,0.0,1.0,0.0,5.0,3.0,5.0,5.0,1.0,0.0,0.0,6.902802685651084
549,0.0,0.0,0.0,1.0,3.0,2.0,5.0,1.0,0.0,1.0,0.0,17.13718022388195
1465,0.0,0.0,0.0,1.0,2.0,0.0,2.0,5.0,1.0,0.0,0.0,18.93262805304316
660,0.0,1.0,1.0,1.0,3.0,0.0,5.0,5.0,0.0,1.0,1.0,6.343217617292067
9,0.0,0.0,1.0,0.0,0.0,2.0,4.0,3.0,0.0,0.0,0.0,10.85287851775804
1293,0.0,0.0,1.0,0.0,5.0,0.0,2.0,2.0,1.0,0.0,1.0,3.4800672718712704
1032,0.0,1.0,0.0,0.0,3.0,0.0,1.0,2.0,1.0,1.0,1.0,15.05069302762151
130,0.0,1.0,1.0,1.0,1.0,1.0,5.0,5.0,0.0,0.0,0.0,2.847695351192669
1632,1.0,0.0,1.0,1.0,4.0,4.0,0.0,4.0,1.0,0.0,0.0,2.437585958474908
247,0.0,1.0,0.0,1.0,3.0,3.0,1.0,1.0,0.0,0.0,1.0,21.159914692724165
525,0.0,0.0,1.0,0.0,2.0,2.0,1.0,1.0,0.0,1.0,0.0,14.91758289478634
1188,1.0,1.0,1.0,0.0,2.0,5.0,2.0,4.0,1.0,1.0,0.0,7.992108140250755
953,0.0,0.0,0.0,0.0,2.0,2.0,4.0,4.0,1.0,0.0,1.0,1.1815945519071027
790,1.0,0.0,0.0,0.0,3.0,5.0,1.0,1.0,0.0,1.0,1.0,4.665457948382485
244,0.0,0.0,0.0,1.0,3.0,3.0,0.0,0.0,0.0,0.0,1.0,-2.946582418761667
495,0.0,0.0,0.0,0.0,1.0,2.0,0.0,0.0,0.0,1.0,0.0,4.112530916689492
1734,1.0,1.0,1.0,1.0,5.0,3.0,5.0,5.0,1.0,1.0,1.0,3.64031362853852
1123,0.0,0.0,1.0,0.0,0.0,0.0,0.0,0.0,1.0,1.0,0.0,8.65410000658705
802,1.0,1.0,0.0,0.0,3.0,2.0,4.0,0.0,0.0,1.0,1.0,7.766997168099381
781,1.0,1.0,0.0,1.0,3.0,1.0,2.0,2.0,0.0,1.0,0.0,7.230054697584215
1585,1.0,1.0,0.0,1.0,3.0,2.0,3.0,3.0,1.0,1.0,0.0,13.545939493466722
442,0.0,0.0,1.0,0.0,5.0,0.0,4.0,5.0,0.0,0.0,0.0,21.97264151226917
1223,0.0,0.0,1.0,0.0,3.0,0.0,1.0,1.0,1.0,1.0,1.0,2.3600577595688206
1344,1.0,0.0,1.0,1.0,0.0,2.0,3.0,3.0,1.0,1.0,1.0,-1.5825180286845375
1618,0.0,0.0,1.0,1.0,4.0,3.0,2.0,2.0,1.0,0.0,0.0,7.440761396655731
72,1.0,0.0,1.0,1.0,0.0,0.0,0.0,0.0,0.0,0.0,0.0,17.93263640172942
270,0.0,1.0,1.0,1.0,3.0,0.0,2.0,5.0,0.0,0.0,1.0,-1.573934731922662
1082,1.0,1.0,0.0,0.0,0.0,5.0,1.0,4.0,1.0,1.0,1.0,17.0451692086992
255,0.0,0.0,0.0,0.0,3.0,0.0,2.0,2.0,0.0,0.0,0.0,19.815918171621004
201,0.0,1.0,0.0,1.0,2.0,0.0,0.0,0.0,0.0,0.0,1.0,20.40895633483783
1415,1.0,1.0,1.0,1.0,1.0,3.0,5.0,1.0,1.0,0.0,1.0,1.9731035539497863
780,1.0,1.0,0.0,0.0,3.0,3.0,5.0,5.0,0.0,1.0,0.0,12.959062414658844
579,0.0,0.0,0.0,0.0,4.0,2.0,0.0,0.0,0.0,1.0,0.0,3.0483094371395207
369,0.0,0.0,1.0,0.0,4.0,0.0,2.0,2.0,0.0,0.0,1.0,0.1901934640348308
216,0.0,0.0,1.0,0.0,2.0,1.0,0.0,5.0,0.0,0.0,0.0,15.886949106208064
1067,1.0,1.0,0.0,0.0,1.0,2.0,1.0,1.0,1.0,1.0,1.0,20.42458006066938
804,1.0,1.0,1.0,0.0,3.0,3.0,3.0,3.0,0.0,1.0,1.0,12.359004115413992
818,1.0,1.0,0.0,0.0,4.0,2.0,2.0,0.0,0.0,1.0,1.0,2.488818120673636
721,1.0,1.0,1.0,1.0,1.0,5.0,3.0,3.0,0.0,1.0,0.0,11.324180193240585
0,0.0,0.0,1.0,0.0,0.0,2.0,4.0,4.0,0.0,0.0,0.0,1.823332808301025
1500,0.0,0.0,0.0,1.0,2.0,0.0,3.0,3.0,1.0,1.0,1.0,14.344955219303255
1300,1.0,1.0,1.0,0.0,5.0,2.0,3.0,3.0,1.0,1.0,1.0,20.82266605721629
1190,0.0,0.0,1.0,0.0,2.0,5.0,5.0,5.0,1.0,1.0,1.0,19.20588608716653
110,1.0,0.0,0.0,0.0,1.0,4.0,1.0,1.0,0.0,0.0,0.0,-0.0385963380237646
1072,1.0,1.0,0.0,0.0,5.0,5.0,5.0,5.0,1.0,1.0,1.0,-2.158585349076726
1233,1.0,1.0,1.0,0.0,3.0,3.0,3.0,3.0,1.0,0.0,1.0,8.570603230118385
506,0.0,0.0,0.0,1.0,1.0,1.0,4.0,4.0,0.0,1.0,1.0,2.526513706924045
899,1.0,0.0,0.0,0.0,2.0,2.0,5.0,5.0,1.0,0.0,0.0,17.238753880047717
513,0.0,0.0,1.0,0.0,2.0,5.0,0.0,0.0,0.0,1.0,1.0,2.7978904308996797
375,1.0,1.0,1.0,0.0,4.0,4.0,4.0,1.0,0.0,0.0,1.0,21.797449094553336
1399,0.0,0.0,0.0,1.0,1.0,5.0,4.0,4.0,1.0,0.0,0.0,10.183051637097462
1196,1.0,1.0,1.0,0.0,2.0,0.0,2.0,4.0,1.0,1.0,1.0,0.1800896534844049
1254,0.0,0.0,1.0,0.0,4.0,0.0,2.0,2.0,1.0,0.0,1.0,13.481531438468178
1653,0.0,0.0,0.0,1.0,4.0,0.0,1.0,1.0,1.0,1.0,0.0,18.07804740943243
1662,1.0,1.0,0.0,1.0,4.0,3.0,5.0,5.0,1.0,1.0,1.0,14.813198133153154
758,1.0,1.0,1.0,0.0,2.0,4.0,4.0,3.0,0.0,1.0,1.0,20.343237055104872
566,0.0,0.0,1.0,1.0,3.0,5.0,0.0,1.0,0.0,1.0,0.0,10.491752127374282
1167,1.0,0.0,1.0,0.0,2.0,5.0,2.0,0.0,1.0,0.0,0.0,1.0908992657069616
378,0.0,1.0,1.0,0.0,4.0,2.0,2.0,5.0,0.0,0.0,1.0,-3.8052024191003886
749,1.0,1.0,0.0,0.0,2.0,2.0,3.0,3.0,0.0,1.0,1.0,4.77026440238814
1470,1.0,1.0,1.0,1.0,2.0,1.0,0.0,0.0,1.0,0.0,0.0,8.00600692332368
14,0.0,0.0,1.0,0.0,0.0,3.0,3.0,3.0,0.0,0.0,1.0,12.535759237119644
85,1.0,1.0,1.0,0.0,0.0,1.0,1.0,2.0,0.0,0.0,1.0,1.3622427787231963
197,0.0,1.0,0.0,1.0,2.0,0.0,4.0,4.0,0.0,0.0,1.0,0.6356041716020968
1699,0.0,0.0,1.0,1.0,5.0,5.0,5.0,5.0,1.0,1.0,1.0,13.586787269801334
711,1.0,1.0,1.0,1.0,0.0,1.0,1.0,3.0,0.0,1.0,1.0,6.1057947332356335
1477,1.0,1.0,1.0,1.0,2.0,0.0,1.0,1.0,1.0,0.0,0.0,16.63088841603275
391,1.0,1.0,1.0,1.0,4.0,5.0,2.0,0.0,0.0,0.0,0.0,14.661039657402624
915,1.0,1.0,0.0,0.0,2.0,2.0,4.0,4.0,1.0,0.0,0.0,-1.776673018526585
