1.0,1.0,1.0,1.0,4.0,0.0,0.0,1.0,0.0,1.0,1.0,15.911015527066958
1.0,1.0,0.0,0.0,2.0,1.0,5.0,2.0,0.0,0.0,0.0,10.972442969016576
1.0,0.0,1.0,1.0,2.0,5.0,3.0,3.0,0.0,0.0,1.0,6.634191954895195
0.0,0.0,0.0,1.0,0.0,5.0,5.0,1.0,0.0,0.0,0.0,17.903300597253494
1.0,1.0,1.0,0.0,0.0,5.0,5.0,5.0,0.0,0.0,1.0,10.531616207709554
1.0,0.0,0.0,1.0,5.0,1.0,5.0,5.0,0.0,1.0,0.0,21.8060886837522
0.0,0.0,0.0,1.0,2.0,1.0,3.0,3.0,1.0,1.0,1.0,4.704821641278228
0.0,0.0,0.0,1.0,4.0,1.0,2.0,3.0,1.0,0.0,1.0,9.561553254749825
1.0,1.0,1.0,1.0,2.0,1.0,3.0,5.0,1.0,1.0,0.0,19.45507020024884
0.0,0.0,0.0,1.0,2.0,2.0,0.0,0.0,0.0,0.0,0.0,0.7022593109026145
1.0,1.0,0.0,1.0,0.0,5.0,5.0,5.0,0.0,1.0,1.0,7.355313699766725
0.0,0.0,1.0,1.0,3.0,2.0,0.0,0.0,0.0,1.0,0.0,-4.489864893499173
1.0,1.0,1.0,1.0,0.0,0.0,4.0,0.0,1.0,0.0,1.0,13.405901214385684
0.0,0.0,1.0,0.0,2.0,4.0,4.0,4.0,1.0,0.0,1.0,21.546163920555657
1.0,0.0,1.0,1.0,2.0,5.0,3.0,3.0,1.0,0.0,0.0,16.691496855655288
0.0,0.0,0.0,1.0,5.0,4.0,1.0,1.0,0.0,1.0,0.0,20.836407327605382
0.0,0.0,1.0,1.0,4.0,0.0,5.0,5.0,0.0,0.0,1.0,12.916896274443168
0.0,0.0,0.0,0.0,3.0,4.0,0.0,4.0,0.0,1.0,1.0,9.131885750263365
1.0,1.0,1.0,0.0,1.0,0.0,4.0,4.0,0.0,0.0,0.0,17.12511418430467
1.0,1.0,0.0,1.0,3.0,0.0,4.0,4.0,0.0,0.0,1.0,8.957290710263013
0.0,0.0,0.0,1.0,2.0,4.0,3.0,3.0,0.0,1.0,0.0,7.841851426767246
0.0,1.0,1.0,0.0,2.0,3.0,3.0,3.0,1.0,0.0,0.0,4.936309050562333
0.0,0.0,0.0,1.0,3.0,0.0,5.0,4.0,0.0,0.0,1.0,-0.5204309549961463
0.0,0.0,0.0,1.0,5.0,1.0,3.0,5.0,1.0,0.0,1.0,5.532147312379747
1.0,0.0,0.0,1.0,0.0,3.0,0.0,1.0,0.0,1.0,0.0,14.632801456625328
0.0,0.0,0.0,0.0,4.0,0.0,1.0,1.0,1.0,1.0,0.0,-3.2523319551755048
0.0,1.0,0.0,1.0,2.0,5.0,2.0,3.0,1.0,0.0,1.0,1.0662185902419985
1.0,1.0,1.0,1.0,2.0,2.0,3.0,3.0,1.0,1.0,1.0,0.1396584347246472
1.0,1.0,1.0,1.0,3.0,4.0,5.0,5.0,1.0,1.0,0.0,10.713242869253143
1.0,0.0,1.0,0.0,3.0,2.0,4.0,4.0,1.0,0.0,0.0,2.6368329315299226
1.0,1.0,0.0,1.0,3.0,5.0,4.0,0.0,0.0,0.0,0.0,8.15272376428489
1.0,1.0,0.0,1.0,5.0,3.0,2.0,4.0,1.0,1.0,1.0,3.170851042849124
0.0,1.0,0.0,1.0,2.0,0.0,2.0,2.0,0.0,0.0,1.0,-3.978886070801997
0.0,1.0,0.0,1.0,0.0,0.0,0.0,0.0,1.0,0.0,1.0,-4.288250775709335
1.0,1.0,1.0,1.0,1.0,3.0,5.0,5.0,1.0,0.0,0.0,-4.825820685319203
0.0,0.0,1.0,0.0,4.0,3.0,4.0,4.0,1.0,1.0,1.0,21.432183403579742
1.0,1.0,1.0,0.0,4.0,3.0,0.0,0.0,1.0,0.0,1.0,-1.696414647929926
0.0,0.0,1.0,0.0,2.0,0.0,0.0,1.0,0.0,1.0,1.0,5.5627478488959365
1.0,1.0,1.0,1.0,4.0,4.0,3.0,5.0,0.0,0.0,1.0,-2.0405034392528028
1.0,1.0,0.0,0.0,2.0,2.0,3.0,4.0,0.0,0.0,1.0,-0.0236288957758867
1.0,1.0,1.0,1.0,2.0,3.0,4.0,4.0,1.0,1.0,1.0,20.33990625489664
1.0,1.0,0.0,1.0,5.0,5.0,3.0,4.0,1.0,1.0,1.0,2.480591826353055
1.0,0.0,1.0,0.0,1.0,3.0,0.0,0.0,1.0,0.0,0.0,-2.556676125404353
0.0,1.0,0.0,1.0,1.0,3.0,2.0,2.0,0.0,0.0,1.0,12.988411639061152
0.0,0.0,1.0,0.0,3.0,4.0,3.0,2.0,1.0,0.0,0.0,5.305985816556319
0.0,0.0,1.0,0.0,3.0,4.0,2.0,0.0,1.0,1.0,0.0,9.497941636317393
1.0,1.0,0.0,1.0,1.0,5.0,5.0,5.0,0.0,1.0,0.0,15.93980446808181
1.0,1.0,1.0,0.0,4.0,5.0,1.0,3.0,1.0,0.0,1.0,10.754842589513617
1.0,1.0,0.0,1.0,0.0,2.0,5.0,4.0,1.0,0.0,1.0,-0.8160382470405265
1.0,1.0,1.0,1.0,4.0,0.0,0.0,0.0,0.0,1.0,0.0,-3.2280421046451933
1.0,0.0,0.0,0.0,5.0,3.0,1.0,1.0,1.0,0.0,1.0,-2.167027107041939
1.0,0.0,1.0,1.0,1.0,1.0,5.0,0.0,0.0,1.0,1.0,15.28152040666678
1.0,1.0,0.0,1.0,5.0,0.0,5.0,2.0,1.0,0.0,1.0,13.435806360408844
0.0,1.0,0.0,0.0,4.0,1.0,3.0,4.0,1.0,1.0,0.0,17.299800418015398
1.0,1.0,0.0,1.0,0.0,4.0,3.0,5.0,0.0,1.0,0.0,21.26937691523148
0.0,0.0,0.0,0.0,3.0,5.0,3.0,1.0,0.0,1.0,1.0,2.8030744439101563
1.0,1.0,1.0,1.0,0.0,4.0,3.0,3.0,0.0,0.0,1.0,11.739313683397636
1.0,1.0,0.0,1.0,4.0,4.0,2.0,2.0,0.0,1.0,0.0,3.335261312446054
0.0,0.0,0.0,0.0,2.0,1.0,5.0,5.0,0.0,1.0,1.0,17.708644031447463
1.0,1.0,1.0,0.0,2.0,5.0,1.0,1.0,0.0,0.0,0.0,4.039842349056814
0.0,0.0,0.0,0.0,0.0,3.0,4.0,0.0,0.0,1.0,1.0,15.36865877209879
0.0,1.0,0.0,1.0,4.0,5.0,3.0,3.0,0.0,1.0,1.0,11.445072604529056
1.0,0.0,0.0,0.0,1.0,3.0,0.0,1.0,1.0,1.0,1.0,17.678735814856406
1.0,0.0,0.0,0.0,3.0,0.0,1.0,0.0,0.0,0.0,1.0,15.947686358176298
1.0,0.0,0.0,1.0,4.0,0.0,5.0,1.0,1.0,0.0,0.0,19.173647908534008
1.0,1.0,1.0,0.0,0.0,5.0,1.0,3.0,1.0,1.0,1.0,14.285177469111236
0.0,0.0,1.0,0.0,4.0,2.0,4.0,0.0,1.0,1.0,1.0,-2.4423557582942843
0.0,0.0,1.0,0.0,2.0,3.0,5.0,5.0,0.0,1.0,0.0,10.179496778436397
1.0,1.0,0.0,0.0,4.0,2.0,5.0,1.0,1.0,0.0,0.0,4.187245870104444
1.0,0.0,1.0,1.0,1.0,1.0,1.0,3.0,0.0,0.0,0.0,-2.220560391343739
0.0,1.0,1.0,1.0,5.0,5.0,5.0,5.0,0.0,0.0,1.0,4.178039687571177
0.0,0.0,0.0,1.0,0.0,1.0,0.0,1.0,1.0,1.0,0.0,-4.980687927843638
0.0,0.0,1.0,1.0,4.0,3.0,0.0,3.0,1.0,1.0,1.0,5.935245827014802
1.0,1.0,1.0,0.0,5.0,5.0,3.0,1.0,0.0,0.0,1.0,-2.6303845928020952
1.0,0.0,0.0,0.0,1.0,3.0,4.0,0.0,1.0,1.0,1.0,-1.8555150659742043
0.0,1.0,1.0,1.0,3.0,0.0,0.0,0.0,1.0,1.0,0.0,10.302498159422646
1.0,1.0,0.0,1.0,4.0,1.0,3.0,3.0,1.0,0.0,1.0,6.708533511382214
0.0,0.0,1.0,0.0,4.0,3.0,5.0,5.0,1.0,1.0,1.0,14.57189119445196
0.0,0.0,0.0,1.0,3.0,4.0,5.0,4.0,1.0,0.0,0.0,4.987600379242659
0.0,0.0,0.0,0.0,3.0,2.0,0.0,0.0,0.0,1.0,0.0,9.148527051295488
0.0,0.0,1.0,1.0,5.0,0.0,3.0,3.0,1.0,1.0,0.0,15.579834360467178
1.0,1.0,1.0,0.0,4.0,3.0,5.0,5.0,0.0,1.0,0.0,18.619974408405607
1.0,1.0,0.0,1.0,1.0,4.0,3.0,3.0,0.0,1.0,1.0,0.347192858917734
0.0,0.0,0.0,1.0,1.0,1.0,4.0,1.0,0.0,0.0,0.0,4.60867679868343
0.0,0.0,1.0,0.0,1.0,2.0,0.0,5.0,1.0,1.0,1.0,-1.3061962571577368
0.0,0.0,0.0,0.0,1.0,1.0,3.0,1.0,0.0,1.0,0.0,0.8878578859922373
0.0,0.0,0.0,0.0,0.0,5.0,4.0,1.0,1.0,1.0,1.0,0.517972425754941
1.0,0.0,0.0,0.0,4.0,2.0,3.0,3.0,1.0,0.0,0.0,20.4105119306246
0.0,1.0,0.0,0.0,0.0,3.0,1.0,5.0,1.0,1.0,0.0,5.859431509297805
1.0,1.0,0.0,0.0,1.0,5.0,4.0,2.0,1.0,0.0,0.0,-4.189666755720901
0.0,0.0,0.0,0.0,1.0,2.0,4.0,0.0,1.0,1.0,1.0,20.056085857549373
0.0,0.0,0.0,1.0,2.0,3.0,5.0,1.0,1.0,1.0,1.0,19.68205447047397
1.0,1.0,0.0,1.0,4.0,2.0,3.0,3.0,0.0,1.0,1.0,-2.7108320700813584
1.0,0.0,1.0,1.0,4.0,3.0,5.0,2.0,1.0,0.0,1.0,-2.6093531191268955
1.0,0.0,1.0,1.0,3.0,4.0,3.0,1.0,0.0,0.0,0.0,5.377361732743031
1.0,1.0,0.0,1.0,5.0,2.0,4.0,4.0,1.0,1.0,0.0,18.840431778167744
0.0,0.0,1.0,0.0,3.0,3.0,0.0,0.0,0.0,1.0,0.0,10.741882410481212
1.0,0.0,1.0,1.0,5.0,0.0,0.0,0.0,1.0,1.0,0.0,5.300926450126212
0.0,0.0,0.0,1.0,1.0,1.0,1.0,4.0,0.0,1.0,1.0,9.379089682531392
1.0,1.0,0.0,0.0,2.0,4.0,1.0,1.0,0.0,0.0,0.0,13.440201010459695
0.0,0.0,1.0,1.0,4.0,5.0,4.0,4.0,1.0,1.0,1.0,-1.846154308158754
0.0,0.0,0.0,1.0,4.0,2.0,0.0,1.0,0.0,0.0,1.0,-3.591380823120544
1.0,1.0,1.0,0.0,3.0,4.0,4.0,1.0,0.0,1.0,1.0,3.4064629058992963
0.0,0.0,1.0,1.0,1.0,5.0,5.0,4.0,1.0,0.0,0.0,20.25260266938281
0.0,1.0,1.0,0.0,2.0,5.0,2.0,2.0,1.0,0.0,1.0,4.359118544304224
0.0,0.0,1.0,0.0,0.0,1.0,2.0,0.0,0.0,1.0,1.0,16.46635996839094
0.0,0.0,1.0,0.0,4.0,2.0,1.0,0.0,0.0,1.0,1.0,-1.562527453074365
1.0,1.0,0.0,1.0,5.0,4.0,1.0,1.0,0.0,0.0,1.0,15.661669995768644
0.0,0.0,0.0,1.0,1.0,0.0,3.0,4.0,0.0,0.0,0.0,17.85711756328414
1.0,1.0,0.0,0.0,4.0,0.0,1.0,4.0,0.0,0.0,1.0,16.63545756192233
1.0,1.0,0.0,0.0,2.0,4.0,0.0,0.0,1.0,1.0,1.0,2.9857356366622883
1.0,1.0,0.0,0.0,0.0,3.0,1.0,5.0,0.0,0.0,1.0,3.595265665382435
0.0,0.0,0.0,0.0,4.0,5.0,5.0,5.0,0.0,1.0,1.0,16.709157021788457
1.0,1.0,1.0,1.0,4.0,0.0,2.0,5.0,0.0,1.0,1.0,0.2707996122594984
1.0,1.0,1.0,1.0,4.0,3.0,1.0,1.0,1.0,0.0,1.0,2.5323114320692364
0.0,1.0,1.0,0.0,2.0,5.0,5.0,1.0,1.0,1.0,0.0,-3.5253787923902937
1.0,0.0,0.0,1.0,2.0,3.0,5.0,5.0,1.0,0.0,0.0,2.0015051948937383
1.0,1.0,1.0,0.0,2.0,5.0,1.0,4.0,1.0,1.0,1.0,2.6820070737084505
0.0,0.0,1.0,1.0,0.0,1.0,2.0,2.0,1.0,1.0,0.0,15.87393269271903
1.0,0.0,1.0,0.0,4.0,3.0,5.0,5.0,0.0,1.0,0.0,1.1583400262424002
1.0,0.0,0.0,1.0,5.0,0.0,3.0,1.0,0.0,0.0,1.0,17.111151804309767
0.0,0.0,1.0,0.0,0.0,0.0,3.0,4.0,0.0,1.0,1.0,18.257404991378152
0.0,1.0,1.0,1.0,2.0,4.0,5.0,5.0,1.0,1.0,0.0,0.4307120851644797
0.0,1.0,0.0,0.0,0.0,5.0,5.0,2.0,0.0,1.0,0.0,11.255875822335142
0.0,1.0,0.0,1.0,2.0,5.0,1.0,5.0,1.0,0.0,0.0,17.11738456760651
1.0,1.0,0.0,1.0,3.0,2.0,2.0,2.0,0.0,0.0,1.0,1.37765780207258
0.0,0.0,1.0,0.0,3.0,4.0,4.0,4.0,0.0,0.0,1.0,2.5196518062469178
0.0,1.0,0.0,1.0,1.0,0.0,4.0,0.0,0.0,0.0,1.0,19.82643629918084
0.0,0.0,1.0,0.0,3.0,4.0,4.0,4.0,1.0,1.0,0.0,10.088253995871543
0.0,1.0,1.0,1.0,3.0,1.0,2.0,1.0,0.0,1.0,1.0,7.228193542344176
0.0,1.0,0.0,0.0,1.0,2.0,0.0,2.0,0.0,1.0,1.0,20.159817097912143
1.0,1.0,0.0,0.0,1.0,2.0,5.0,3.0,1.0,1.0,0.0,15.062287342702051
1.0,1.0,1.0,1.0,4.0,1.0,2.0,2.0,1.0,1.0,0.0,5.70874644583461
0.0,1.0,1.0,1.0,2.0,1.0,1.0,2.0,1.0,1.0,0.0,-1.1403279153556989
1.0,1.0,0.0,0.0,0.0,3.0,1.0,3.0,1.0,0.0,0.0,0.7797247194849541
0.0,1.0,0.0,0.0,1.0,0.0,2.0,2.0,1.0,1.0,1.0,5.181427037306992
0.0,0.0,1.0,0.0,2.0,3.0,0.0,0.0,0.0,0.0,0.0,0.828510244562116
0.0,0.0,1.0,1.0,0.0,5.0,4.0,4.0,1.0,1.0,1.0,1.4886937026532765
0.0,0.0,0.0,0.0,1.0,1.0,2.0,2.0,0.0,0.0,1.0,4.1492635237395135
0.0,0.0,1.0,0.0,1.0,0.0,5.0,2.0,0.0,0.0,1.0,2.233698158552186
1.0,1.0,1.0,1.0,4.0,1.0,3.0,1.0,1.0,0.0,1.0,0.7109207929813186
0.0,1.0,0.0,0.0,1.0,4.0,5.0,1.0,1.0,1.0,0.0,10.638300139594088
1.0,1.0,1.0,1.0,5.0,1.0,2.0,2.0,0.0,1.0,0.0,-1.2111401235933572
0.0,0.0,0.0,0.0,5.0,1.0,2.0,2.0,1.0,0.0,0.0,18.695891120065586
0.0,0.0,1.0,0.0,0.0,2.0,1.0,1.0,0.0,0.0,1.0,11.093272821025051
0.0,0.0,0.0,1.0,0.0,0.0,5.0,5.0,1.0,0.0,1.0,0.7716099521660293
1.0,1.0,0.0,0.0,0.0,1.0,2.0,2.0,0.0,0.0,1.0,14.935733210417151
0.0,0.0,1.0,1.0,0.0,1.0,1.0,1.0,1.0,1.0,0.0,5.461129200358991
1.0,1.0,1.0,0.0,4.0,2.0,1.0,2.0,0.0,0.0,0.0,1.4491211805907138
1.0,0.0,1.0,0.0,1.0,0.0,0.0,0.0,1.0,0.0,0.0,-4.642053305758483
1.0,1.0,1.0,1.0,2.0,1.0,0.0,1.0,0.0,0.0,1.0,-2.8280152727057275
0.0,0.0,1.0,1.0,1.0,3.0,1.0,1.0,1.0,1.0,1.0,-2.6793662917969963
1.0,1.0,1.0,1.0,4.0,4.0,4.0,0.0,1.0,0.0,0.0,0.6371002699791948
0.0,0.0,0.0,0.0,2.0,1.0,5.0,5.0,1.0,0.0,1.0,-2.1263079334426784
1.0,0.0,0.0,0.0,4.0,3.0,3.0,3.0,0.0,0.0,1.0,18.35321369828631
0.0,1.0,0.0,0.0,0.0,3.0,4.0,5.0,1.0,1.0,1.0,13.293294000892809
1.0,1.0,0.0,0.0,5.0,1.0,5.0,5.0,1.0,1.0,0.0,2.3433015837491435
1.0,0.0,1.0,1.0,3.0,1.0,5.0,1.0,0.0,0.0,0.0,2.4852467410132046
1.0,0.0,0.0,1.0,2.0,4.0,3.0,1.0,1.0,1.0,0.0,15.39439206058132
0.0,0.0,1.0,0.0,4.0,5.0,3.0,3.0,0.0,1.0,1.0,6.256489144500744
1.0,1.0,0.0,0.0,1.0,0.0,5.0,5.0,0.0,1.0,1.0,11.466262324687987
0.0,0.0,1.0,1.0,5.0,4.0,1.0,5.0,0.0,1.0,1.0,21.919417622911823
0.0,0.0,1.0,0.0,0.0,0.0,2.0,2.0,1.0,1.0,0.0,21.00975727622474
1.0,1.0,0.0,1.0,0.0,5.0,0.0,0.0,1.0,0.0,1.0,15.558784257183824
1.0,0.0,0.0,0.0,0.0,1.0,4.0,4.0,0.0,1.0,0.0,2.1535015421821058
1.0,1.0,0.0,1.0,4.0,4.0,3.0,1.0,0.0,0.0,0.0,-4.7709355660514685
1.0,1.0,1.0,0.0,0.0,0.0,2.0,0.0,1.0,1.0,1.0,17.703217513404475
0.0,1.0,0.0,1.0,5.0,2.0,4.0,4.0,0.0,1.0,1.0,11.715399629616575
1.0,0.0,0.0,1.0,2.0,4.0,5.0,0.0,0.0,0.0,1.0,12.776086531703086
1.0,1.0,1.0,1.0,5.0,2.0,0.0,1.0,1.0,1.0,0.0,9.3243459739979
1.0,0.0,1.0,0.0,3.0,0.0,0.0,0.0,1.0,0.0,0.0,12.414681664398724
0.0,0.0,0.0,1.0,1.0,1.0,4.0,4.0,1.0,0.0,0.0,20.150074844591167
0.0,1.0,0.0,1.0,2.0,1.0,4.0,4.0,0.0,0.0,1.0,14.060083938955206
1.0,1.0,0.0,1.0,5.0,3.0,2.0,2.0,0.0,1.0,1.0,12.533485922694393
1.0,1.0,0.0,1.0,0.0,3.0,2.0,2.0,1.0,0.0,0.0,3.986580366173399
1.0,1.0,1.0,1.0,2.0,0.0,4.0,4.0,0.0,1.0,1.0,-2.4616106802609807
1.0,1.0,0.0,1.0,1.0,1.0,5.0,5.0,0.0,1.0,1.0,16.56870144320575
1.0,1.0,1.0,1.0,4.0,5.0,1.0,4.0,0.0,0.0,1.0,3.8159999972674576
0.0,1.0,0.0,0.0,5.0,2.0,1.0,0.0,0.0,0.0,1.0,14.067605343441585
1.0,0.0,0.0,0.0,2.0,4.0,2.0,5.0,1.0,1.0,1.0,-0.057151839921862
0.0,0.0,0.0,1.0,2.0,2.0,0.0,2.0,1.0,0.0,0.0,-4.298085797751148
1.0,0.0,0.0,1.0,2.0,4.0,0.0,3.0,1.0,1.0,1.0,8.754765221675234
0.0,0.0,1.0,1.0,4.0,2.0,3.0,3.0,0.0,0.0,1.0,4.673452894324857
1.0,1.0,1.0,1.0,3.0,5.0,2.0,2.0,0.0,1.0,1.0,12.34363232478891
1.0,0.0,1.0,1.0,1.0,4.0,2.0,5.0,0.0,1.0,0.0,21.72823271281913
0.0,0.0,1.0,1.0,2.0,3.0,1.0,1.0,0.0,0.0,0.0,6.806313787910392
1.0,1.0,0.0,1.0,3.0,3.0,2.0,2.0,0.0,1.0,1.0,14.880378242948208
1.0,1.0,0.0,0.0,5.0,0.0,4.0,1.0,1.0,0.0,0.0,5.16170560153185
1.0,1.0,1.0,1.0,4.0,0.0,2.0,2.0,1.0,1.0,1.0,20.766864315825494
1.0,0.0,1.0,0.0,4.0,5.0,0.0,5.0,1.0,1.0,0.0,6.282464503120785
0.0,0.0,0.0,1.0,1.0,1.0,0.0,0.0,0.0,1.0,0.0,0.917238377593625
0.0,0.0,1.0,0.0,4.0,2.0,0.0,5.0,0.0,0.0,0.0,-3.644946019126996
1.0,1.0,0.0,1.0,5.0,0.0,2.0,2.0,0.0,0.0,0.0,19.9442913841997
1.0,1.0,0.0,0.0,1.0,4.0,2.0,0.0,1.0,0.0,1.0,0.2979712179519191
0.0,1.0,0.0,0.0,5.0,2.0,3.0,2.0,0.0,1.0,1.0,10.117610196362284
0.0,0.0,1.0,0.0,4.0,3.0,5.0,5.0,1.0,1.0,0.0,-1.8609734792810992
0.0,0.0,0.0,1.0,3.0,5.0,3.0,2.0,1.0,1.0,0.0,11.932300516693758
1.0,1.0,0.0,1.0,3.0,3.0,2.0,2.0,0.0,1.0,0.0,15.326802806570504
0.0,0.0,1.0,0.0,3.0,3.0,3.0,2.0,1.0,0.0,0.0,7.511171634688742
0.0,1.0,1.0,0.0,5.0,0.0,2.0,1.0,0.0,1.0,0.0,12.112909078405512
1.0,1.0,0.0,0.0,1.0,1.0,1.0,3.0,0.0,0.0,0.0,3.6017256157508264
1.0,0.0,0.0,0.0,4.0,3.0,1.0,1.0,1.0,0.0,0.0,9.38014808423578
1.0,1.0,1.0,1.0,5.0,0.0,2.0,1.0,1.0,0.0,1.0,13.453131703683471
1.0,1.0,0.0,1.0,4.0,1.0,0.0,1.0,1.0,1.0,0.0,15.182977389734155
1.0,0.0,0.0,0.0,1.0,5.0,5.0,5.0,0.0,0.0,0.0,9.493840749791584
1.0,0.0,0.0,0.0,5.0,1.0,3.0,5.0,0.0,1.0,1.0,15.231501601374935
0.0,1.0,0.0,1.0,2.0,0.0,1.0,3.0,1.0,1.0,1.0,11.195146948381588
1.0,1.0,0.0,1.0,3.0,3.0,2.0,5.0,0.0,1.0,1.0,7.184804379817235
0.0,0.0,0.0,0.0,3.0,2.0,2.0,2.0,1.0,1.0,1.0,2.688047802556156
0.0,1.0,1.0,1.0,1.0,3.0,0.0,0.0,1.0,1.0,1.0,5.426969423647
0.0,0.0,0.0,1.0,5.0,1.0,2.0,2.0,0.0,0.0,0.0,12.41375286024304
1.0,0.0,0.0,0.0,2.0,1.0,4.0,4.0,1.0,1.0,0.0,5.271635233778548
0.0,1.0,0.0,1.0,0.0,2.0,3.0,0.0,0.0,0.0,1.0,0.8987694578323158
0.0,0.0,1.0,1.0,0.0,2.0,5.0,5.0,1.0,0.0,0.0,0.0709008504402
0.0,0.0,0.0,0.0,2.0,3.0,3.0,1.0,0.0,1.0,1.0,21.871657751770883
0.0,0.0,0.0,1.0,2.0,5.0,1.0,4.0,0.0,1.0,1.0,17.582258188183445
1.0,1.0,1.0,1.0,0.0,2.0,1.0,5.0,1.0,1.0,0.0,9.2818201774198
0.0,0.0,1.0,1.0,0.0,3.0,3.0,1.0,1.0,0.0,0.0,17.273448250972585
1.0,1.0,0.0,1.0,0.0,0.0,4.0,4.0,0.0,0.0,1.0,4.3768525357006105
0.0,0.0,0.0,1.0,1.0,3.0,4.0,5.0,0.0,0.0,1.0,-1.817978891209254
0.0,0.0,1.0,0.0,1.0,2.0,3.0,2.0,1.0,1.0,1.0,16.527091457884787
1.0,0.0,1.0,1.0,5.0,0.0,3.0,3.0,0.0,0.0,1.0,10.03971175876023
1.0,0.0,1.0,1.0,5.0,2.0,3.0,3.0,0.0,0.0,1.0,20.53818859387453
0.0,1.0,1.0,0.0,5.0,0.0,3.0,3.0,0.0,0.0,1.0,14.405314464991438
0.0,0.0,0.0,1.0,3.0,1.0,5.0,5.0,0.0,0.0,0.0,0.0448583257746859
1.0,1.0,0.0,1.0,5.0,5.0,0.0,5.0,1.0,0.0,1.0,16.49761347673607
1.0,0.0,0.0,0.0,3.0,2.0,5.0,1.0,0.0,1.0,1.0,8.24760837149677
0.0,0.0,0.0,0.0,3.0,1.0,1.0,1.0,1.0,0.0,0.0,6.750013846510793
1.0,0.0,0.0,1.0,5.0,3.0,3.0,1.0,0.0,1.0,0.0,19.24393077983314
1.0,1.0,0.0,0.0,3.0,3.0,0.0,0.0,0.0,0.0,1.0,-3.7810293123607104
0.0,0.0,0.0,0.0,1.0,4.0,4.0,1.0,0.0,1.0,0.0,13.458736364250653
0.0,0.0,1.0,1.0,2.0,1.0,2.0,0.0,1.0,0.0,1.0,-1.7953294757773763
0.0,0.0,0.0,1.0,0.0,4.0,1.0,4.0,0.0,1.0,0.0,12.71438776825627
0.0,1.0,1.0,0.0,0.0,5.0,0.0,1.0,1.0,1.0,1.0,9.474029548935253
0.0,0.0,0.0,0.0,4.0,3.0,4.0,4.0,0.0,0.0,0.0,7.8755212852176815
0.0,0.0,0.0,0.0,4.0,0.0,4.0,4.0,1.0,1.0,1.0,11.703659290815157
0.0,0.0,1.0,1.0,5.0,3.0,4.0,4.0,0.0,1.0,0.0,17.983957698786586
1.0,1.0,0.0,1.0,3.0,4.0,4.0,4.0,0.0,1.0,0.0,17.140114137712697
1.0,1.0,0.0,0.0,3.0,1.0,3.0,0.0,0.0,0.0,1.0,15.08911029358407
1.0,1.0,1.0,0.0,5.0,0.0,1.0,2.0,1.0,0.0,0.0,15.743605441778517
0.0,0.0,0.0,0.0,1.0,4.0,3.0,2.0,1.0,1.0,0.0,6.830904313872773
1.0,0.0,1.0,1.0,5.0,4.0,3.0,3.0,0.0,1.0,1.0,-4.604975568402585
1.0,0.0,0.0,0.0,4.0,2.0,0.0,4.0,1.0,0.0,0.0,6.994764587635707
0.0,0.0,0.0,1.0,2.0,0.0,0.0,0.0,1.0,1.0,1.0,5.978718595234794
0.0,1.0,1.0,0.0,5.0,1.0,0.0,0.0,1.0,1.0,1.0,14.34041835295708
1.0,1.0,1.0,0.0,3.0,1.0,5.0,0.0,0.0,1.0,0.0,-3.0214857247232705
1.0,0.0,1.0,1.0,0.0,0.0,1.0,3.0,1.0,0.0,0.0,19.05759215698582
1.0,1.0,1.0,1.0,0.0,1.0,0.0,0.0,1.0,0.0,0.0,-3.685924941759669
1.0,1.0,0.0,0.0,0.0,5.0,5.0,0.0,1.0,0.0,0.0,3.017151860091984
1.0,1.0,0.0,0.0,2.0,3.0,2.0,4.0,1.0,0.0,0.0,1.8277294224617413
1.0,1.0,1.0,0.0,2.0,4.0,5.0,1.0,1.0,1.0,0.0,10.813430540193716
1.0,1.0,1.0,0.0,3.0,1.0,2.0,0.0,0.0,1.0,0.0,16.975546016137184
1.0,1.0,0.0,1.0,3.0,1.0,2.0,0.0,0.0,1.0,1.0,-1.4941334812434626
1.0,1.0,1.0,1.0,4.0,0.0,3.0,3.0,0.0,1.0,0.0,12.90044926446632
0.0,0.0,0.0,1.0,1.0,3.0,1.0,2.0,0.0,1.0,0.0,4.488982538835824
1.0,1.0,1.0,1.0,1.0,4.0,2.0,2.0,0.0,1.0,1.0,-2.129522162629815
0.0,1.0,0.0,0.0,2.0,0.0,5.0,5.0,1.0,1.0,1.0,18.41752586707336
1.0,1.0,0.0,0.0,4.0,3.0,0.0,5.0,0.0,0.0,0.0,18.44943425209912
0.0,0.0,1.0,1.0,0.0,4.0,3.0,3.0,0.0,1.0,0.0,5.613991088743159
0.0,0.0,1.0,1.0,3.0,1.0,5.0,5.0,0.0,1.0,0.0,8.907600484381032
1.0,0.0,1.0,1.0,2.0,1.0,1.0,1.0,1.0,1.0,0.0,4.716658207535268
0.0,1.0,0.0,0.0,5.0,5.0,3.0,3.0,1.0,1.0,0.0,10.55505011255192
1.0,1.0,1.0,0.0,0.0,5.0,1.0,1.0,0.0,0.0,0.0,8.075561132097814
0.0,1.0,1.0,0.0,2.0,3.0,0.0,1.0,0.0,0.0,1.0,9.520511487953524
1.0,1.0,0.0,0.0,1.0,4.0,5.0,4.0,1.0,1.0,0.0,6.016450537134608
0.0,0.0,0.0,0.0,1.0,0.0,5.0,5.0,0.0,0.0,1.0,8.437670353555287
0.0,1.0,0.0,1.0,4.0,3.0,3.0,3.0,1.0,1.0,1.0,8.623033489379521
0.0,0.0,1.0,1.0,0.0,5.0,1.0,1.0,1.0,1.0,1.0,3.330846728264099
1.0,1.0,1.0,0.0,3.0,0.0,0.0,0.0,1.0,1.0,1.0,18.96583017116402
0.0,0.0,0.0,1.0,3.0,5.0,2.0,2.0,1.0,0.0,1.0,-4.132861785285816
1.0,1.0,0.0,0.0,2.0,5.0,1.0,5.0,0.0,0.0,1.0,16.019560141903316
1.0,1.0,1.0,0.0,5.0,1.0,1.0,1.0,1.0,0.0,0.0,12.193483923938572
0.0,1.0,1.0,0.0,0.0,1.0,4.0,4.0,1.0,1.0,1.0,-4.142740314253894
1.0,1.0,0.0,1.0,0.0,2.0,0.0,3.0,1.0,1.0,0.0,7.611465815270865
1.0,1.0,0.0,1.0,5.0,5.0,2.0,2.0,1.0,1.0,0.0,10.868076335189476
0.0,0.0,0.0,1.0,2.0,1.0,3.0,5.0,0.0,0.0,1.0,21.1073386750005
0.0,1.0,0.0,0.0,5.0,4.0,3.0,3.0,0.0,0.0,1.0,-0.0183017042433739
1.0,1.0,0.0,0.0,1.0,0.0,2.0,0.0,0.0,0.0,1.0,14.457627482305814
1.0,1.0,1.0,1.0,4.0,4.0,1.0,1.0,0.0,1.0,1.0,6.970367356664722
0.0,0.0,0.0,1.0,4.0,5.0,3.0,4.0,1.0,0.0,0.0,21.92032716936461
0.0,0.0,0.0,0.0,4.0,0.0,3.0,0.0,0.0,1.0,0.0,6.852686741619401
0.0,1.0,1.0,0.0,0.0,0.0,1.0,1.0,1.0,0.0,0.0,0.1436332822915673
0.0,1.0,0.0,1.0,1.0,1.0,4.0,1.0,1.0,1.0,0.0,6.984435919181113
1.0,1.0,1.0,0.0,5.0,5.0,3.0,0.0,0.0,0.0,0.0,17.732186684266562
1.0,1.0,0.0,0.0,1.0,5.0,3.0,1.0,1.0,1.0,0.0,10.970430238871929
0.0,0.0,1.0,1.0,5.0,3.0,4.0,4.0,1.0,0.0,0.0,-4.3897808470586055
0.0,0.0,0.0,1.0,3.0,4.0,1.0,2.0,0.0,0.0,1.0,-3.618320711178981
1.0,1.0,1.0,0.0,3.0,0.0,0.0,0.0,0.0,0.0,1.0,3.68929956795156
1.0,1.0,0.0,0.0,4.0,1.0,0.0,0.0,0.0,0.0,1.0,8.789288084233437
1.0,1.0,0.0,1.0,1.0,1.0,2.0,2.0,0.0,0.0,1.0,19.699690987036647
1.0,1.0,1.0,1.0,1.0,3.0,3.0,3.0,1.0,1.0,1.0,0.2287104654187057
1.0,0.0,0.0,1.0,3.0,2.0,0.0,3.0,1.0,1.0,1.0,15.156916199560936
0.0,1.0,1.0,1.0,2.0,2.0,1.0,1.0,0.0,1.0,0.0,1.2684669274847895
1.0,1.0,0.0,0.0,3.0,0.0,5.0,5.0,1.0,1.0,0.0,5.461741082093024
0.0,0.0,0.0,1.0,0.0,0.0,0.0,0.0,0.0,1.0,0.0,6.836498216651346
1.0,1.0,1.0,1.0,4.0,4.0,5.0,4.0,0.0,0.0,1.0,6.703611301474281
1.0,0.0,0.0,1.0,4.0,0.0,4.0,0.0,1.0,1.0,1.0,-4.267987785677137
1.0,1.0,0.0,0.0,5.0,4.0,1.0,1.0,0.0,0.0,0.0,0.3184765749390799
0.0,1.0,1.0,1.0,4.0,0.0,3.0,3.0,1.0,0.0,1.0,14.660008396548925
1.0,1.0,1.0,1.0,2.0,0.0,1.0,1.0,1.0,0.0,0.0,8.46265409408995
0.0,1.0,0.0,0.0,4.0,0.0,4.0,4.0,1.0,0.0,0.0,1.0244516813259257
0.0,0.0,1.0,0.0,2.0,4.0,0.0,5.0,0.0,1.0,1.0,-0.0750145900726089
1.0,1.0,1.0,0.0,1.0,2.0,2.0,5.0,1.0,1.0,0.0,15.203191841136594
1.0,1.0,1.0,0.0,2.0,0.0,1.0,0.0,1.0,0.0,1.0,15.54041524012645
0.0,0.0,0.0,0.0,2.0,1.0,3.0,4.0,1.0,1.0,1.0,5.370761191968484
0.0,0.0,1.0,1.0,0.0,5.0,2.0,3.0,0.0,0.0,0.0,-4.084629722303914
1.0,0.0,0.0,1.0,5.0,1.0,0.0,0.0,0.0,0.0,0.0,-4.464153877750513
1.0,1.0,1.0,0.0,5.0,1.0,2.0,5.0,1.0,1.0,0.0,-2.9323042486395154
1.0,1.0,0.0,1.0,5.0,4.0,2.0,2.0,1.0,0.0,0.0,4.395951965237812
0.0,0.0,0.0,0.0,1.0,2.0,3.0,3.0,0.0,0.0,1.0,20.084864240617584
0.0,0.0,0.0,0.0,5.0,5.0,0.0,3.0,1.0,0.0,1.0,8.990169403823591
0.0,0.0,0.0,1.0,4.0,5.0,1.0,1.0,0.0,1.0,1.0,17.258591688994475
1.0,1.0,1.0,0.0,4.0,3.0,4.0,4.0,0.0,1.0,1.0,14.222982847962616
1.0,1.0,1.0,0.0,0.0,4.0,0.0,0.0,0.0,1.0,1.0,2.993021346756297
0.0,0.0,0.0,0.0,2.0,3.0,4.0,4.0,1.0,0.0,0.0,13.056191807794647
0.0,0.0,0.0,0.0,4.0,1.0,0.0,0.0,0.0,0.0,1.0,17.83647615840422
1.0,0.0,0.0,1.0,4.0,5.0,3.0,3.0,1.0,1.0,0.0,11.297204475139356
0.0,0.0,1.0,0.0,2.0,2.0,3.0,3.0,0.0,1.0,1.0,21.473113635637503
1.0,1.0,0.0,1.0,3.0,4.0,1.0,1.0,0.0,0.0,1.0,2.05476889032626
1.0,1.0,0.0,0.0,4.0,4.0,2.0,2.0,0.0,1.0,1.0,11.438223304396256
0.0,0.0,0.0,1.0,0.0,4.0,3.0,3.0,1.0,1.0,1.0,3.7039036038522166
1.0,1.0,0.0,1.0,5.0,4.0,3.0,3.0,0.0,1.0,1.0,8.238097862462055
1.0,1.0,0.0,0.0,5.0,4.0,2.0,2.0,1.0,0.0,0.0,13.767162657437382
0.0,0.0,0.0,0.0,1.0,2.0,4.0,5.0,1.0,1.0,0.0,-4.659126374765222
1.0,1.0,1.0,0.0,1.0,5.0,1.0,0.0,0.0,0.0,1.0,4.478052688956691
0.0,0.0,0.0,1.0,4.0,0.0,2.0,2.0,1.0,1.0,1.0,18.58402123468752
0.0,0.0,1.0,1.0,5.0,4.0,2.0,1.0,1.0,1.0,0.0,1.930465029820633
1.0,0.0,1.0,1.0,4.0,3.0,1.0,1.0,1.0,1.0,1.0,19.0344765277664
1.0,1.0,0.0,0.0,1.0,4.0,3.0,0.0,1.0,1.0,1.0,0.0947752980889617
1.0,1.0,0.0,0.0,5.0,1.0,4.0,4.0,0.0,1.0,0.0,9.769051038146795
1.0,0.0,0.0,1.0,1.0,3.0,2.0,2.0,1.0,0.0,0.0,5.33528825506605
1.0,0.0,0.0,0.0,3.0,0.0,1.0,1.0,1.0,0.0,0.0,16.288525168749644
0.0,1.0,0.0,0.0,4.0,5.0,1.0,1.0,1.0,1.0,1.0,0.8478373283208533
1.0,0.0,1.0,0.0,4.0,3.0,5.0,4.0,1.0,0.0,0.0,20.221850582819584
1.0,1.0,0.0,0.0,0.0,2.0,5.0,5.0,0.0,0.0,0.0,3.938406315882716
0.0,0.0,1.0,1.0,5.0,1.0,0.0,4.0,0.0,0.0,0.0,14.386415433335516
0.0,0.0,0.0,1.0,0.0,5.0,2.0,2.0,0.0,0.0,1.0,0.3520623114038086
0.0,0.0,0.0,1.0,2.0,3.0,3.0,1.0,1.0,1.0,0.0,3.253035845259234
1.0,1.0,1.0,0.0,1.0,1.0,3.0,3.0,0.0,0.0,0.0,6.786684220717149
0.0,0.0,0.0,1.0,1.0,0.0,0.0,0.0,0.0,1.0,1.0,4.79968362263547
1.0,1.0,1.0,0.0,3.0,3.0,1.0,1.0,0.0,0.0,0.0,6.974808819700501
0.0,0.0,0.0,1.0,1.0,1.0,2.0,2.0,1.0,1.0,1.0,0.4444627191790555
0.0,0.0,1.0,0.0,5.0,0.0,0.0,0.0,0.0,1.0,0.0,11.156690716365937
1.0,0.0,1.0,1.0,3.0,1.0,0.0,0.0,1.0,0.0,0.0,14.987947304150447
0.0,0.0,1.0,1.0,3.0,1.0,3.0,3.0,0.0,1.0,1.0,4.904187711850673
0.0,1.0,1.0,1.0,1.0,3.0,1.0,1.0,0.0,0.0,1.0,20.995747463106166
0.0,1.0,0.0,1.0,3.0,3.0,3.0,3.0,1.0,1.0,1.0,8.902772705658222
0.0,0.0,1.0,0.0,2.0,2.0,2.0,1.0,0.0,1.0,0.0,6.290635624346473
0.0,0.0,0.0,0.0,5.0,5.0,4.0,4.0,1.0,0.0,1.0,11.510987392916824
0.0,1.0,1.0,1.0,5.0,2.0,5.0,2.0,0.0,1.0,1.0,5.48777670788804
0.0,0.0,1.0,1.0,5.0,5.0,4.0,4.0,1.0,1.0,0.0,19.388360113095167
0.0,0.0,1.0,1.0,0.0,5.0,2.0,0.0,0.0,0.0,0.0,6.014364027719541
0.0,0.0,0.0,0.0,5.0,5.0,3.0,3.0,1.0,0.0,0.0,14.812912433500047
0.0,0.0,1.0,0.0,0.0,0.0,2.0,2.0,1.0,0.0,1.0,5.709938200275113
1.0,1.0,1.0,1.0,2.0,5.0,4.0,0.0,0.0,1.0,0.0,11.064833325998372
1.0,1.0,0.0,0.0,0.0,1.0,5.0,0.0,1.0,0.0,0.0,-2.5892398192495065
0.0,0.0,0.0,0.0,2.0,5.0,5.0,5.0,0.0,0.0,1.0,18.9547659642832
1.0,1.0,0.0,0.0,4.0,5.0,4.0,4.0,1.0,0.0,0.0,-3.7735055972233664
0.0,0.0,0.0,0.0,0.0,5.0,3.0,4.0,1.0,0.0,0.0,9.436361516159735
0.0,0.0,1.0,0.0,4.0,1.0,2.0,2.0,0.0,0.0,1.0,13.08993110692338
1.0,1.0,1.0,0.0,1.0,0.0,0.0,0.0,1.0,1.0,1.0,14.225690469362494
0.0,1.0,0.0,0.0,5.0,4.0,3.0,0.0,1.0,0.0,1.0,-3.917879853305938
1.0,1.0,0.0,1.0,2.0,0.0,4.0,4.0,1.0,0.0,1.0,2.3676514423465367
0.0,0.0,0.0,0.0,1.0,0.0,3.0,3.0,1.0,0.0,1.0,0.3131640503363391
0.0,0.0,0.0,0.0,5.0,5.0,2.0,4.0,1.0,0.0,1.0,16.265702019932135
0.0,0.0,0.0,1.0,4.0,4.0,1.0,1.0,1.0,1.0,1.0,4.522361925286537
1.0,1.0,0.0,1.0,1.0,0.0,0.0,0.0,0.0,1.0,1.0,-2.312033136157228
1.0,1.0,0.0,0.0,4.0,4.0,2.0,0.0,0.0,0.0,0.0,13.466382368349098
1.0,0.0,0.0,1.0,0.0,4.0,4.0,2.0,0.0,0.0,0.0,7.647862703159571
1.0,1.0,0.0,1.0,5.0,4.0,3.0,2.0,0.0,1.0,1.0,14.69497207537416
0.0,0.0,0.0,0.0,2.0,0.0,0.0,0.0,1.0,0.0,0.0,-0.1796499848249428
1.0,1.0,1.0,1.0,4.0,3.0,0.0,5.0,1.0,1.0,0.0,8.660232657799938
0.0,1.0,0.0,0.0,5.0,3.0,5.0,2.0,0.0,1.0,0.0,13.292327535347766
0.0,0.0,1.0,0.0,2.0,1.0,4.0,4.0,0.0,1.0,1.0,6.754801322465607
1.0,1.0,0.0,1.0,0.0,1.0,2.0,2.0,0.0,0.0,0.0,-1.56952481071305
1.0,1.0,0.0,1.0,0.0,0.0,0.0,0.0,0.0,1.0,0.0,3.782433023436278
1.0,1.0,1.0,0.0,0.0,3.0,0.0,4.0,1.0,1.0,0.0,-1.082896778658589
1.0,1.0,0.0,1.0,3.0,2.0,1.0,1.0,0.0,1.0,0.0,10.757261706375004
0.0,1.0,0.0,1.0,0.0,1.0,0.0,0.0,1.0,0.0,0.0,19.596804432158457
0.0,0.0,1.0,1.0,5.0,0.0,4.0,4.0,1.0,1.0,0.0,-2.816894427825132
1.0,1.0,1.0,0.0,4.0,0.0,4.0,4.0,0.0,1.0,1.0,12.921362040700595
0.0,1.0,1.0,1.0,3.0,3.0,3.0,4.0,0.0,0.0,0.0,2.562802292610577
0.0,0.0,1.0,1.0,0.0,0.0,1.0,1.0,1.0,0.0,1.0,1.6959885089447058
1.0,1.0,0.0,1.0,0.0,5.0,5.0,0.0,1.0,0.0,0.0,17.45580932307187
1.0,1.0,1.0,1.0,1.0,4.0,5.0,2.0,1.0,0.0,1.0,10.427631568290591
1.0,0.0,1.0,1.0,0.0,5.0,4.0,1.0,0.0,1.0,0.0,6.482314761175065
0.0,0.0,0.0,1.0,4.0,1.0,3.0,3.0,1.0,1.0,1.0,4.999979973799812
0.0,0.0,0.0,0.0,3.0,3.0,5.0,3.0,1.0,1.0,1.0,15.611425586992052
1.0,0.0,0.0,0.0,1.0,2.0,5.0,4.0,1.0,0.0,0.0,19.174125766992223
0.0,0.0,0.0,1.0,4.0,0.0,1.0,1.0,1.0,0.0,0.0,3.5946535861063253
1.0,1.0,0.0,0.0,4.0,3.0,0.0,0.0,0.0,0.0,0.0,-0.7193171283363053
1.0,1.0,1.0,1.0,1.0,2.0,4.0,4.0,1.0,1.0,1.0,11.537213566332431
1.0,1.0,1.0,1.0,0.0,3.0,3.0,3.0,1.0,1.0,1.0,-0.1743209733921142
1.0,1.0,1.0,1.0,0.0,1.0,4.0,3.0,0.0,0.0,0.0,6.432941227357627
0.0,0.0,0.0,1.0,5.0,4.0,4.0,3.0,1.0,0.0,0.0,12.530904489796612
1.0,1.0,0.0,1.0,2.0,5.0,3.0,3.0,1.0,1.0,1.0,17.520598664423805
0.0,1.0,1.0,1.0,2.0,0.0,0.0,5.0,1.0,1.0,1.0,11.166862479325026
1.0,1.0,1.0,0.0,0.0,5.0,2.0,4.0,0.0,0.0,0.0,-0.0141935049664763
1.0,1.0,0.0,1.0,0.0,2.0,5.0,0.0,1.0,1.0,1.0,4.437620942988236
1.0,1.0,0.0,1.0,5.0,5.0,2.0,2.0,1.0,1.0,1.0,6.459538716113762
1.0,1.0,0.0,0.0,1.0,5.0,5.0,5.0,0.0,0.0,0.0,12.606100370885994
0.0,0.0,0.0,1.0,2.0,5.0,2.0,0.0,1.0,1.0,1.0,-1.478798398323757
1.0,1.0,0.0,1.0,2.0,4.0,4.0,5.0,0.0,1.0,1.0,2.9061567613758648
0.0,0.0,1.0,0.0,0.0,2.0,1.0,1.0,0.0,1.0,0.0,19.54659449728354
0.0,0.0,1.0,1.0,0.0,5.0,3.0,5.0,0.0,0.0,1.0,11.465173853029947
1.0,1.0,1.0,0.0,5.0,5.0,1.0,0.0,1.0,1.0,1.0,21.52773830023732
0.0,1.0,1.0,0.0,5.0,0.0,0.0,0.0,1.0,1.0,1.0,17.59373325603072
1.0,1.0,1.0,1.0,3.0,0.0,3.0,0.0,1.0,0.0,0.0,-0.2918446502819893
0.0,0.0,1.0,0.0,0.0,1.0,2.0,0.0,0.0,1.0,0.0,-3.6332961682854297
0.0,0.0,1.0,1.0,1.0,1.0,4.0,4.0,0.0,0.0,1.0,9.552535933484672
1.0,0.0,1.0,1.0,5.0,2.0,2.0,2.0,1.0,1.0,0.0,17.437859331860874
1.0,1.0,0.0,0.0,4.0,0.0,0.0,5.0,0.0,0.0,0.0,1.6623778963083078
0.0,1.0,1.0,1.0,0.0,1.0,2.0,4.0,0.0,0.0,1.0,-3.710648275441279
0.0,0.0,0.0,0.0,1.0,1.0,0.0,1.0,1.0,1.0,0.0,8.045165940419253
0.0,0.0,1.0,0.0,0.0,0.0,0.0,0.0,1.0,0.0,0.0,21.273240145984047
1.0,1.0,1.0,1.0,3.0,5.0,1.0,1.0,0.0,0.0,0.0,10.70114377106322
0.0,0.0,0.0,1.0,1.0,3.0,0.0,0.0,0.0,0.0,0.0,10.31691337967227
0.0,1.0,0.0,0.0,4.0,1.0,2.0,5.0,1.0,1.0,1.0,-2.63697466855186
1.0,1.0,1.0,0.0,4.0,2.0,5.0,4.0,0.0,0.0,0.0,4.617735400045554
0.0,0.0,0.0,1.0,3.0,4.0,1.0,1.0,0.0,0.0,1.0,12.957701894322728
1.0,1.0,1.0,1.0,3.0,2.0,0.0,4.0,1.0,1.0,1.0,4.175311661739132
1.0,1.0,1.0,1.0,3.0,3.0,3.0,3.0,1.0,1.0,0.0,17.918616492806436
1.0,1.0,0.0,1.0,4.0,1.0,2.0,2.0,1.0,1.0,0.0,-4.389498396040334
0.0,1.0,1.0,1.0,5.0,3.0,2.0,2.0,0.0,0.0,1.0,14.315380683510462
0.0,0.0,1.0,0.0,1.0,2.0,2.0,5.0,0.0,1.0,0.0,18.082580967659627
1.0,0.0,1.0,0.0,2.0,2.0,0.0,4.0,0.0,1.0,1.0,20.02345636922153
1.0,1.0,1.0,0.0,4.0,1.0,4.0,1.0,0.0,0.0,1.0,17.683884527688324
0.0,0.0,0.0,1.0,3.0,0.0,0.0,3.0,1.0,0.0,1.0,15.285034746757376
1.0,1.0,1.0,0.0,1.0,4.0,3.0,1.0,0.0,1.0,0.0,-3.6455020413885166
0.0,0.0,1.0,1.0,4.0,0.0,5.0,5.0,1.0,0.0,1.0,13.879023325195902
0.0,0.0,0.0,1.0,4.0,3.0,2.0,2.0,1.0,1.0,1.0,20.946829678332
0.0,0.0,1.0,1.0,2.0,1.0,1.0,1.0,1.0,1.0,0.0,18.5290577703262
0.0,1.0,1.0,0.0,2.0,2.0,1.0,1.0,0.0,1.0,0.0,2.696701747275978
1.0,1.0,1.0,0.0,0.0,4.0,4.0,4.0,1.0,0.0,0.0,12.909991589644587
0.0,0.0,1.0,0.0,2.0,2.0,0.0,2.0,1.0,1.0,0.0,-3.8223763835252775
1.0,1.0,1.0,1.0,1.0,0.0,0.0,3.0,0.0,0.0,1.0,5.395592336245947
1.0,1.0,1.0,0.0,4.0,5.0,0.0,2.0,0.0,1.0,0.0,-2.860856600649392
0.0,0.0,0.0,1.0,0.0,3.0,2.0,4.0,0.0,0.0,1.0,14.104340379698034
0.0,0.0,0.0,0.0,4.0,5.0,2.0,4.0,1.0,1.0,0.0,16.305322032190478
1.0,0.0,1.0,1.0,0.0,3.0,5.0,5.0,1.0,0.0,1.0,18.57764970313109
1.0,0.0,1.0,0.0,0.0,1.0,5.0,4.0,0.0,1.0,0.0,11.070535053496744
1.0,1.0,1.0,0.0,3.0,4.0,0.0,0.0,0.0,1.0,0.0,1.457875244033529
0.0,0.0,1.0,1.0,2.0,4.0,3.0,3.0,1.0,1.0,0.0,1.0385956007873345
1.0,1.0,0.0,1.0,0.0,3.0,5.0,5.0,0.0,0.0,0.0,20.907259768318585
1.0,1.0,0.0,1.0,4.0,4.0,4.0,2.0,1.0,0.0,0.0,8.258458745850428
0.0,0.0,1.0,0.0,1.0,2.0,0.0,0.0,1.0,0.0,1.0,19.418746574147743
0.0,0.0,1.0,1.0,0.0,4.0,3.0,3.0,1.0,1.0,0.0,16.47230201575648
1.0,1.0,0.0,0.0,4.0,3.0,4.0,4.0,1.0,0.0,0.0,9.620517988792225
1.0,1.0,1.0,0.0,2.0,0.0,2.0,3.0,1.0,0.0,1.0,18.795885922875723
0.0,1.0,1.0,0.0,5.0,5.0,4.0,4.0,0.0,1.0,0.0,10.536457254821636
0.0,1.0,1.0,0.0,5.0,1.0,4.0,4.0,1.0,0.0,1.0,1.8337129715033509
0.0,0.0,1.0,1.0,4.0,4.0,1.0,1.0,0.0,1.0,0.0,-3.83496839280734
1.0,0.0,0.0,1.0,0.0,1.0,1.0,4.0,1.0,0.0,1.0,20.277221816184618
1.0,1.0,1.0,1.0,0.0,4.0,4.0,4.0,0.0,1.0,1.0,3.7295279292830426
1.0,1.0,1.0,1.0,5.0,2.0,0.0,0.0,1.0,0.0,0.0,7.782211625487008
0.0,0.0,0.0,0.0,3.0,3.0,2.0,2.0,0.0,1.0,0.0,-4.621993812762599
1.0,0.0,1.0,1.0,2.0,3.0,4.0,3.0,0.0,0.0,1.0,7.312578288062062
0.0,0.0,0.0,1.0,0.0,0.0,1.0,5.0,1.0,0.0,1.0,14.22897381863936
0.0,0.0,1.0,1.0,4.0,0.0,3.0,2.0,1.0,0.0,0.0,9.53520873164915
1.0,0.0,1.0,1.0,5.0,3.0,5.0,4.0,1.0,0.0,0.0,17.07572395700358
0.0,0.0,1.0,1.0,1.0,4.0,1.0,4.0,1.0,0.0,1.0,18.816681577323045
0.0,0.0,0.0,1.0,3.0,5.0,0.0,0.0,0.0,0.0,0.0,6.098872215190109
0.0,0.0,0.0,0.0,4.0,1.0,0.0,0.0,0.0,0.0,0.0,14.838219078729324
1.0,1.0,0.0,0.0,5.0,4.0,1.0,0.0,1.0,0.0,0.0,7.961580371544999
1.0,0.0,0.0,1.0,2.0,4.0,5.0,5.0,0.0,0.0,0.0,1.1893818672352374
1.0,1.0,1.0,1.0,3.0,4.0,3.0,3.0,1.0,1.0,0.0,2.18188983280129
1.0,1.0,0.0,1.0,5.0,1.0,1.0,3.0,1.0,0.0,1.0,0.8545918448344363
0.0,0.0,0.0,1.0,4.0,1.0,4.0,4.0,0.0,0.0,1.0,-1.7168996321582697
1.0,1.0,1.0,1.0,1.0,3.0,5.0,1.0,1.0,0.0,0.0,11.817949031480207
1.0,1.0,1.0,0.0,4.0,3.0,5.0,1.0,1.0,1.0,0.0,11.953044428405176
1.0,0.0,1.0,1.0,0.0,0.0,0.0,5.0,0.0,0.0,0.0,-1.2833449688125342
1.0,1.0,0.0,1.0,1.0,3.0,2.0,2.0,1.0,1.0,0.0,4.720250713844443
1.0,1.0,0.0,0.0,0.0,5.0,3.0,5.0,0.0,1.0,1.0,15.217750102692186
0.0,1.0,0.0,0.0,2.0,3.0,3.0,4.0,1.0,0.0,1.0,-1.816622289465324
1.0,0.0,1.0,0.0,4.0,5.0,4.0,4.0,0.0,0.0,1.0,10.556853611444769
0.0,1.0,1.0,1.0,2.0,2.0,3.0,3.0,0.0,0.0,1.0,12.036769832841916
0.0,1.0,0.0,1.0,0.0,2.0,5.0,2.0,1.0,0.0,0.0,11.731185927142931
0.0,1.0,0.0,1.0,4.0,4.0,3.0,2.0,0.0,0.0,0.0,10.072321981206162
1.0,1.0,1.0,1.0,3.0,4.0,5.0,5.0,1.0,0.0,0.0,-2.104709706157273
0.0,0.0,0.0,1.0,4.0,5.0,5.0,1.0,1.0,1.0,1.0,19.011782199435213
1.0,0.0,1.0,0.0,0.0,1.0,4.0,1.0,0.0,0.0,1.0,-4.240544983255308
0.0,0.0,1.0,0.0,3.0,4.0,3.0,3.0,0.0,0.0,1.0,-4.67437171062397
0.0,0.0,1.0,1.0,3.0,4.0,2.0,5.0,0.0,0.0,0.0,-1.9243531154762747
0.0,0.0,1.0,0.0,4.0,2.0,0.0,0.0,1.0,1.0,1.0,4.227376569962139
0.0,0.0,1.0,0.0,3.0,1.0,1.0,1.0,1.0,0.0,1.0,19.82054563929202
1.0,1.0,0.0,1.0,5.0,5.0,5.0,3.0,1.0,0.0,1.0,20.095742386713905
1.0,1.0,0.0,0.0,4.0,1.0,3.0,5.0,0.0,1.0,0.0,5.997687673294685
1.0,1.0,0.0,0.0,4.0,5.0,5.0,5.0,1.0,1.0,0.0,7.765711374540654
1.0,1.0,0.0,0.0,3.0,0.0,4.0,4.0,1.0,1.0,0.0,15.919168780630724
1.0,0.0,0.0,0.0,4.0,2.0,3.0,3.0,0.0,1.0,1.0,19.540283830093177
0.0,0.0,1.0,1.0,3.0,0.0,2.0,1.0,0.0,1.0,1.0,2.6966810259933016
1.0,0.0,1.0,1.0,1.0,4.0,3.0,3.0,0.0,1.0,0.0,12.908293592891834
0.0,1.0,0.0,1.0,2.0,4.0,2.0,2.0,1.0,0.0,0.0,18.94335917520857
1.0,1.0,0.0,0.0,3.0,2.0,2.0,1.0,0.0,1.0,0.0,8.914601888522036
0.0,1.0,0.0,0.0,5.0,1.0,1.0,1.0,0.0,0.0,1.0,-2.1149091742029285
0.0,0.0,1.0,1.0,5.0,4.0,5.0,5.0,0.0,0.0,1.0,19.269638533808514
1.0,1.0,0.0,0.0,0.0,2.0,4.0,5.0,0.0,0.0,0.0,12.175965695470117
1.0,0.0,1.0,0.0,4.0,4.0,4.0,4.0,0.0,0.0,1.0,-3.271037940491713
0.0,0.0,1.0,0.0,3.0,2.0,0.0,4.0,0.0,0.0,1.0,18.438460629607512
1.0,1.0,1.0,1.0,2.0,0.0,1.0,1.0,0.0,0.0,1.0,-0.7323126543073446
1.0,1.0,1.0,1.0,0.0,2.0,0.0,3.0,1.0,0.0,0.0,11.981964564115756
0.0,1.0,0.0,1.0,5.0,1.0,1.0,3.0,0.0,0.0,1.0,10.792180606093172
0.0,0.0,1.0,0.0,1.0,4.0,1.0,1.0,1.0,0.0,0.0,13.422825836696106
0.0,0.0,1.0,1.0,1.0,1.0,4.0,1.0,0.0,1.0,0.0,-2.960111027298796
1.0,1.0,0.0,0.0,0.0,3.0,5.0,2.0,0.0,0.0,0.0,13.964532729055056
1.0,0.0,1.0,0.0,5.0,5.0,0.0,0.0,1.0,1.0,1.0,6.432267401831728
1.0,0.0,1.0,1.0,2.0,5.0,5.0,5.0,0.0,0.0,0.0,2.709070115194698
1.0,1.0,0.0,0.0,5.0,4.0,4.0,0.0,1.0,1.0,1.0,8.283525774611164
0.0,0.0,1.0,0.0,4.0,2.0,3.0,3.0,1.0,0.0,1.0,7.578673999376981
0.0,0.0,0.0,1.0,5.0,3.0,0.0,0.0,1.0,0.0,1.0,3.957514144945545
0.0,0.0,0.0,1.0,1.0,5.0,3.0,3.0,0.0,0.0,1.0,11.537752289887436
0.0,0.0,0.0,0.0,5.0,4.0,0.0,0.0,0.0,1.0,1.0,15.21562798867026
0.0,0.0,0.0,0.0,3.0,5.0,5.0,5.0,0.0,1.0,0.0,14.752452217023922
1.0,1.0,1.0,0.0,4.0,4.0,4.0,4.0,0.0,0.0,0.0,15.002906520686686
1.0,1.0,0.0,1.0,0.0,4.0,5.0,4.0,1.0,1.0,0.0,3.86627403139207
0.0,0.0,1.0,0.0,0.0,5.0,5.0,5.0,0.0,0.0,1.0,-2.31443010979285
1.0,0.0,0.0,1.0,1.0,0.0,2.0,2.0,1.0,1.0,0.0,4.811218821103207
1.0,1.0,1.0,0.0,1.0,0.0,0.0,0.0,0.0,0.0,1.0,11.070533206563738
1.0,1.0,0.0,1.0,0.0,1.0,4.0,4.0,1.0,1.0,0.0,-4.268535584627064
0.0,0.0,0.0,0.0,4.0,1.0,4.0,2.0,0.0,0.0,0.0,7.416445308117645
0.0,0.0,0.0,0.0,4.0,2.0,2.0,1.0,0.0,0.0,0.0,17.289924910457884
1.0,1.0,0.0,0.0,2.0,1.0,1.0,0.0,0.0,1.0,1.0,15.990078275213502
1.0,1.0,0.0,0.0,5.0,3.0,2.0,2.0,1.0,1.0,1.0,20.650743856246635
1.0,1.0,0.0,0.0,2.0,0.0,2.0,0.0,1.0,1.0,0.0,1.765539600707548
0.0,0.0,0.0,1.0,5.0,4.0,1.0,1.0,1.0,0.0,1.0,8.805481632760511
1.0,1.0,0.0,0.0,3.0,3.0,5.0,0.0,1.0,0.0,1.0,15.833181643003009
0.0,1.0,1.0,0.0,4.0,3.0,5.0,5.0,1.0,0.0,1.0,13.751025080404808
1.0,1.0,0.0,1.0,5.0,4.0,5.0,5.0,0.0,0.0,1.0,3.608482864682527
0.0,0.0,0.0,1.0,0.0,2.0,0.0,0.0,1.0,1.0,0.0,15.959633178560429
1.0,1.0,1.0,1.0,4.0,4.0,1.0,1.0,0.0,0.0,1.0,21.14668829953884
1.0,1.0,0.0,1.0,5.0,3.0,3.0,3.0,1.0,1.0,0.0,16.363680125807086
1.0,0.0,1.0,1.0,0.0,2.0,5.0,5.0,0.0,0.0,1.0,1.8039157902638872
1.0,1.0,0.0,1.0,1.0,2.0,0.0,0.0,0.0,1.0,1.0,-4.059406427198276
1.0,0.0,0.0,1.0,0.0,4.0,4.0,4.0,1.0,0.0,1.0,-1.0960627394532274
0.0,0.0,1.0,0.0,5.0,5.0,0.0,0.0,0.0,0.0,1.0,7.274801059444199
1.0,1.0,1.0,0.0,5.0,4.0,3.0,3.0,1.0,1.0,0.0,16.226040816634743
0.0,0.0,0.0,1.0,1.0,0.0,4.0,5.0,1.0,0.0,0.0,3.616297358009886
1.0,1.0,0.0,0.0,5.0,5.0,3.0,3.0,0.0,0.0,0.0,13.951973044446426
0.0,0.0,1.0,0.0,3.0,2.0,3.0,3.0,0.0,0.0,1.0,-0.5563488998777162
1.0,1.0,1.0,1.0,0.0,4.0,0.0,0.0,1.0,1.0,1.0,21.939542698620503
0.0,0.0,1.0,0.0,4.0,2.0,2.0,2.0,1.0,1.0,1.0,21.22720323222817
0.0,1.0,0.0,0.0,0.0,5.0,2.0,2.0,0.0,0.0,0.0,-4.251189155597491
0.0,0.0,1.0,1.0,4.0,0.0,1.0,1.0,1.0,1.0,0.0,19.192047089730863
1.0,1.0,0.0,0.0,2.0,0.0,1.0,1.0,1.0,0.0,0.0,1.5448049573779654
0.0,0.0,0.0,1.0,3.0,3.0,0.0,5.0,0.0,1.0,1.0,8.58827390785458
0.0,0.0,0.0,1.0,0.0,0.0,1.0,1.0,1.0,0.0,1.0,8.687146347663392
1.0,1.0,0.0,0.0,0.0,1.0,0.0,0.0,1.0,1.0,1.0,9.652332004659666
0.0,1.0,1.0,1.0,1.0,0.0,2.0,2.0,1.0,0.0,1.0,15.662413164371925
0.0,0.0,0.0,0.0,4.0,4.0,2.0,4.0,1.0,0.0,1.0,3.2006348014302386
1.0,1.0,1.0,1.0,1.0,5.0,2.0,2.0,0.0,0.0,0.0,13.339925203021938
0.0,0.0,0.0,0.0,1.0,0.0,4.0,4.0,1.0,1.0,0.0,-2.684651257268098
0.0,0.0,1.0,1.0,5.0,5.0,1.0,1.0,0.0,0.0,0.0,-2.0036891192592847
0.0,1.0,0.0,1.0,2.0,4.0,2.0,5.0,0.0,1.0,0.0,13.50073174246296
1.0,1.0,1.0,0.0,0.0,3.0,5.0,2.0,1.0,0.0,0.0,2.621607244128797
0.0,0.0,1.0,0.0,0.0,0.0,3.0,5.0,1.0,0.0,1.0,12.671477229351716
0.0,0.0,1.0,0.0,1.0,3.0,0.0,0.0,1.0,0.0,0.0,10.43875728138755
0.0,0.0,1.0,0.0,2.0,1.0,0.0,4.0,1.0,0.0,1.0,-0.0001313049001465
1.0,1.0,1.0,1.0,1.0,5.0,2.0,2.0,1.0,0.0,1.0,-4.235180176386533
1.0,1.0,0.0,0.0,0.0,4.0,2.0,3.0,1.0,1.0,0.0,-3.3532363804039784
1.0,1.0,0.0,1.0,0.0,2.0,2.0,2.0,0.0,1.0,1.0,-3.824068259117088
1.0,0.0,0.0,1.0,0.0,5.0,4.0,4.0,0.0,1.0,1.0,17.119151474243857
0.0,1.0,1.0,0.0,1.0,1.0,2.0,2.0,1.0,1.0,1.0,-4.741368977268494
1.0,1.0,1.0,0.0,0.0,4.0,5.0,5.0,0.0,1.0,0.0,17.73300090048617
1.0,1.0,0.0,0.0,3.0,5.0,3.0,3.0,1.0,1.0,0.0,12.780840517313848
1.0,1.0,0.0,0.0,5.0,1.0,5.0,1.0,1.0,1.0,0.0,0.6668618866032041
1.0,1.0,1.0,0.0,2.0,1.0,3.0,3.0,0.0,1.0,1.0,3.323101119072547
0.0,0.0,1.0,1.0,4.0,2.0,0.0,0.0,1.0,1.0,0.0,13.253970971337573
1.0,1.0,0.0,0.0,1.0,4.0,2.0,1.0,0.0,0.0,1.0,6.534886100360728
1.0,1.0,1.0,1.0,4.0,3.0,4.0,3.0,1.0,0.0,0.0,17.728717548948882
1.0,1.0,1.0,1.0,4.0,3.0,1.0,1.0,0.0,1.0,1.0,12.79298919719682
0.0,0.0,0.0,1.0,5.0,1.0,4.0,2.0,1.0,1.0,1.0,-3.362498569327608
0.0,0.0,0.0,0.0,3.0,0.0,4.0,4.0,1.0,0.0,0.0,16.43369315850639
0.0,0.0,0.0,1.0,4.0,4.0,2.0,4.0,0.0,0.0,1.0,10.23947661791934
1.0,1.0,1.0,1.0,1.0,1.0,0.0,0.0,1.0,0.0,1.0,18.66896773160455
1.0,1.0,0.0,0.0,4.0,0.0,0.0,3.0,0.0,0.0,0.0,6.227788807979101
1.0,0.0,1.0,1.0,2.0,5.0,0.0,0.0,0.0,0.0,1.0,-3.737612774206648
0.0,0.0,1.0,1.0,4.0,2.0,3.0,1.0,0.0,1.0,1.0,13.870867190731255
1.0,1.0,1.0,0.0,0.0,1.0,1.0,1.0,0.0,0.0,0.0,1.2551520153587026
0.0,1.0,0.0,0.0,2.0,1.0,3.0,3.0,0.0,0.0,1.0,-4.316493814024738
0.0,0.0,1.0,0.0,0.0,1.0,5.0,5.0,1.0,1.0,1.0,0.5655883932148171
0.0,1.0,0.0,1.0,0.0,2.0,1.0,2.0,1.0,1.0,0.0,11.75094669069786
0.0,0.0,1.0,1.0,4.0,3.0,1.0,1.0,0.0,0.0,0.0,17.491402322506097
1.0,1.0,1.0,1.0,1.0,4.0,3.0,3.0,0.0,0.0,0.0,12.39256666893028
1.0,1.0,0.0,0.0,3.0,2.0,2.0,4.0,1.0,1.0,1.0,1.5716810355994424
1.0,0.0,0.0,1.0,5.0,2.0,4.0,0.0,1.0,0.0,1.0,2.5347740869969453
0.0,1.0,0.0,1.0,5.0,4.0,3.0,3.0,1.0,1.0,1.0,-3.6125552531298943
0.0,0.0,1.0,0.0,2.0,3.0,2.0,0.0,0.0,0.0,1.0,13.908293779916855
0.0,1.0,1.0,0.0,3.0,4.0,1.0,1.0,1.0,0.0,0.0,1.309047138510298
1.0,1.0,1.0,0.0,1.0,2.0,0.0,0.0,0.0,1.0,1.0,-0.1663733221922596
1.0,0.0,1.0,1.0,4.0,5.0,4.0,4.0,1.0,1.0,0.0,15.29036774587145
1.0,1.0,1.0,1.0,3.0,0.0,1.0,1.0,0.0,1.0,1.0,19.175289712453942
1.0,1.0,0.0,0.0,0.0,2.0,4.0,3.0,0.0,0.0,1.0,-1.4033653341323018
0.0,0.0,0.0,0.0,3.0,5.0,0.0,4.0,0.0,0.0,0.0,4.830547549293579
0.0,1.0,0.0,0.0,3.0,5.0,1.0,1.0,1.0,0.0,1.0,2.7154106529646134
1.0,1.0,0.0,1.0,2.0,3.0,4.0,5.0,1.0,0.0,1.0,16.050587490295307
0.0,1.0,1.0,0.0,4.0,4.0,0.0,0.0,0.0,1.0,1.0,9.402619856178378
0.0,0.0,1.0,1.0,0.0,0.0,0.0,0.0,1.0,0.0,0.0,4.671491890596609
0.0,1.0,0.0,1.0,5.0,4.0,1.0,4.0,1.0,1.0,1.0,-2.244930206100217
0.0,0.0,0.0,1.0,5.0,2.0,1.0,5.0,1.0,0.0,0.0,12.740113773013569
0.0,0.0,1.0,0.0,0.0,2.0,2.0,1.0,1.0,0.0,0.0,11.289210414876436
1.0,1.0,1.0,1.0,5.0,5.0,1.0,0.0,0.0,1.0,0.0,12.103132879875073
1.0,1.0,1.0,0.0,0.0,5.0,1.0,3.0,0.0,0.0,0.0,2.057484014080461
0.0,0.0,0.0,0.0,2.0,1.0,4.0,4.0,1.0,1.0,0.0,10.378684396473064
0.0,0.0,1.0,0.0,5.0,5.0,0.0,0.0,0.0,0.0,1.0,19.97720746870209
0.0,0.0,0.0,1.0,0.0,4.0,3.0,0.0,0.0,1.0,0.0,15.14103269503445
0.0,0.0,0.0,0.0,1.0,4.0,1.0,1.0,0.0,1.0,0.0,3.117844437357604
1.0,1.0,1.0,0.0,0.0,0.0,1.0,5.0,1.0,1.0,1.0,13.320207115158222
0.0,0.0,1.0,0.0,1.0,0.0,3.0,3.0,1.0,1.0,1.0,5.384747648376846
0.0,0.0,1.0,1.0,0.0,5.0,3.0,3.0,1.0,1.0,0.0,2.144547552200833
1.0,1.0,0.0,0.0,5.0,3.0,5.0,5.0,0.0,1.0,0.0,-4.742001739843586
1.0,1.0,0.0,0.0,3.0,4.0,4.0,4.0,1.0,1.0,0.0,7.513963631845273
0.0,0.0,1.0,1.0,1.0,5.0,4.0,4.0,0.0,1.0,1.0,-0.037483402096953
1.0,1.0,0.0,1.0,2.0,5.0,4.0,4.0,1.0,1.0,1.0,21.844431517029683
0.0,1.0,1.0,1.0,2.0,5.0,1.0,1.0,1.0,1.0,0.0,20.52940475817679
0.0,0.0,0.0,1.0,0.0,2.0,0.0,0.0,0.0,0.0,0.0,-3.960481147111966
1.0,1.0,1.0,1.0,5.0,4.0,5.0,5.0,1.0,1.0,0.0,21.05708052444701
0.0,0.0,1.0,1.0,4.0,3.0,3.0,3.0,1.0,0.0,0.0,0.5493453304955098
0.0,0.0,0.0,1.0,1.0,5.0,5.0,3.0,0.0,1.0,1.0,18.76484393074686
1.0,0.0,0.0,1.0,5.0,2.0,4.0,1.0,1.0,1.0,1.0,3.296274435778072
1.0,1.0,0.0,1.0,0.0,2.0,0.0,0.0,1.0,0.0,1.0,8.54619324450307
0.0,0.0,1.0,0.0,1.0,3.0,4.0,0.0,1.0,0.0,1.0,7.862294419735955
1.0,1.0,1.0,1.0,2.0,3.0,3.0,1.0,1.0,1.0,0.0,4.750378268051714
1.0,1.0,1.0,0.0,2.0,4.0,1.0,1.0,0.0,0.0,1.0,3.676814661412985
0.0,1.0,1.0,0.0,1.0,2.0,2.0,1.0,1.0,1.0,1.0,11.781524085977416
1.0,1.0,0.0,0.0,2.0,0.0,1.0,1.0,1.0,1.0,0.0,2.0621448012547114
0.0,1.0,0.0,1.0,3.0,2.0,4.0,4.0,1.0,0.0,1.0,-1.70809942797327
0.0,0.0,0.0,0.0,1.0,2.0,3.0,3.0,1.0,0.0,1.0,13.428984046188257
1.0,1.0,1.0,1.0,4.0,2.0,3.0,3.0,1.0,1.0,0.0,7.398669537561346
0.0,0.0,1.0,1.0,2.0,4.0,2.0,4.0,1.0,1.0,0.0,14.030702619226531
0.0,0.0,1.0,1.0,4.0,3.0,1.0,1.0,0.0,1.0,0.0,19.029910706504367
1.0,1.0,0.0,0.0,5.0,0.0,0.0,5.0,0.0,1.0,0.0,21.69447790387408
1.0,0.0,0.0,1.0,2.0,0.0,1.0,1.0,1.0,0.0,1.0,3.9369110931669287
1.0,0.0,0.0,1.0,5.0,0.0,3.0,3.0,1.0,0.0,1.0,16.10909865949126
0.0,1.0,1.0,1.0,1.0,4.0,3.0,3.0,0.0,0.0,1.0,13.409990417484735
0.0,0.0,1.0,1.0,1.0,3.0,5.0,5.0,1.0,1.0,1.0,11.970196697359928
0.0,1.0,1.0,0.0,0.0,4.0,1.0,1.0,0.0,0.0,0.0,-3.2032792315697307
0.0,1.0,0.0,0.0,2.0,4.0,4.0,4.0,1.0,1.0,1.0,4.531505350937486
0.0,0.0,0.0,0.0,2.0,2.0,5.0,5.0,0.0,1.0,0.0,3.244363859020007
1.0,0.0,0.0,0.0,1.0,3.0,3.0,3.0,1.0,1.0,0.0,1.1614251717969228
1.0,0.0,0.0,1.0,5.0,5.0,4.0,4.0,0.0,0.0,1.0,20.90352100113751
0.0,0.0,1.0,0.0,3.0,2.0,5.0,2.0,1.0,1.0,1.0,-4.582499708038355
0.0,0.0,1.0,1.0,4.0,2.0,1.0,5.0,1.0,1.0,1.0,-4.8235231085212025
1.0,1.0,1.0,1.0,5.0,2.0,4.0,4.0,0.0,0.0,1.0,21.16179237977241
1.0,0.0,0.0,0.0,5.0,2.0,4.0,2.0,1.0,1.0,1.0,-1.2711001673277431
0.0,0.0,1.0,1.0,0.0,5.0,5.0,5.0,0.0,1.0,1.0,18.119868260083305
1.0,1.0,0.0,1.0,3.0,3.0,2.0,2.0,1.0,1.0,1.0,9.84922097573002
0.0,0.0,0.0,0.0,1.0,5.0,0.0,0.0,0.0,0.0,1.0,-1.3967216567974123
0.0,1.0,1.0,0.0,3.0,4.0,1.0,5.0,1.0,1.0,1.0,-2.8367649297243327
0.0,0.0,0.0,0.0,1.0,5.0,0.0,0.0,0.0,1.0,0.0,-3.4010574121675754
1.0,1.0,1.0,1.0,2.0,5.0,5.0,5.0,0.0,1.0,1.0,6.396048816233961
0.0,0.0,1.0,0.0,5.0,0.0,0.0,0.0,0.0,0.0,0.0,1.2945443494593096
0.0,0.0,1.0,0.0,1.0,2.0,5.0,0.0,0.0,1.0,0.0,1.8223147941381308
0.0,0.0,0.0,0.0,2.0,0.0,0.0,2.0,1.0,1.0,0.0,12.490288038913146
0.0,0.0,0.0,0.0,1.0,4.0,0.0,0.0,0.0,0.0,1.0,5.288320734381557
1.0,0.0,1.0,1.0,2.0,1.0,2.0,2.0,1.0,0.0,0.0,16.959162027461787
0.0,0.0,0.0,0.0,3.0,3.0,4.0,4.0,0.0,1.0,0.0,14.849359771928771
0.0,0.0,0.0,1.0,5.0,1.0,0.0,3.0,0.0,1.0,0.0,10.326942335970111
1.0,1.0,1.0,0.0,1.0,1.0,0.0,2.0,0.0,1.0,0.0,9.47024060781494
0.0,0.0,0.0,1.0,4.0,3.0,0.0,0.0,0.0,1.0,0.0,3.136253898660444
0.0,0.0,1.0,0.0,0.0,3.0,3.0,1.0,1.0,0.0,1.0,18.435676357450603
1.0,1.0,1.0,0.0,0.0,4.0,0.0,2.0,1.0,1.0,0.0,13.171893061977528
0.0,1.0,0.0,0.0,0.0,3.0,0.0,0.0,0.0,1.0,1.0,18.00295281193835
1.0,1.0,1.0,1.0,2.0,1.0,2.0,4.0,1.0,0.0,1.0,8.319603232030587
1.0,1.0,1.0,1.0,1.0,3.0,4.0,2.0,0.0,0.0,0.0,12.675229973471318
0.0,0.0,0.0,1.0,4.0,1.0,4.0,4.0,0.0,1.0,0.0,20.33622295337632
0.0,0.0,1.0,1.0,1.0,4.0,4.0,2.0,1.0,0.0,1.0,7.56497792620884
0.0,0.0,1.0,0.0,5.0,0.0,0.0,0.0,1.0,1.0,0.0,-1.7611037629689368
1.0,1.0,1.0,1.0,1.0,2.0,4.0,4.0,0.0,1.0,0.0,18.64814487763905
0.0,1.0,0.0,1.0,5.0,1.0,0.0,0.0,0.0,1.0,1.0,3.350247079022566
0.0,0.0,1.0,1.0,5.0,1.0,3.0,4.0,1.0,0.0,0.0,0.0562022973950231
1.0,1.0,0.0,1.0,0.0,2.0,0.0,2.0,0.0,0.0,0.0,1.1466563452061165
1.0,0.0,0.0,0.0,2.0,4.0,5.0,2.0,0.0,0.0,1.0,7.376123426371839
1.0,1.0,1.0,1.0,2.0,4.0,3.0,3.0,1.0,1.0,0.0,1.8635948279382888
0.0,0.0,1.0,1.0,0.0,3.0,1.0,1.0,1.0,1.0,1.0,1.96944514576928
1.0,1.0,0.0,1.0,1.0,2.0,2.0,2.0,0.0,0.0,1.0,21.96656091527685
0.0,0.0,0.0,1.0,3.0,0.0,3.0,4.0,0.0,0.0,0.0,10.431937304915218
0.0,1.0,1.0,0.0,1.0,2.0,0.0,0.0,0.0,1.0,1.0,0.5520391121238948
1.0,1.0,1.0,1.0,1.0,4.0,2.0,2.0,0.0,1.0,1.0,8.336390951574588
0.0,0.0,1.0,1.0,2.0,1.0,5.0,4.0,0.0,1.0,0.0,3.2770354904971395
1.0,1.0,0.0,0.0,4.0,5.0,5.0,5.0,0.0,0.0,1.0,9.213856227138834
1.0,1.0,0.0,0.0,1.0,0.0,2.0,2.0,1.0,0.0,1.0,8.67247912176769
0.0,1.0,0.0,1.0,0.0,0.0,4.0,2.0,0.0,0.0,1.0,12.188557405585954
0.0,0.0,1.0,1.0,5.0,4.0,5.0,5.0,0.0,0.0,1.0,21.271488275235924
0.0,1.0,0.0,0.0,3.0,1.0,1.0,1.0,0.0,1.0,1.0,4.702154396281109
0.0,0.0,1.0,0.0,2.0,3.0,2.0,1.0,0.0,0.0,1.0,10.750346170310978
0.0,0.0,1.0,0.0,3.0,2.0,2.0,2.0,1.0,1.0,0.0,21.395591916038413
1.0,1.0,1.0,1.0,1.0,5.0,2.0,2.0,1.0,1.0,0.0,3.90104119687256
1.0,1.0,0.0,0.0,2.0,3.0,3.0,3.0,0.0,1.0,0.0,-0.7400772852746762
1.0,1.0,1.0,1.0,1.0,3.0,1.0,4.0,1.0,1.0,0.0,-3.873791131625002
1.0,1.0,0.0,1.0,3.0,3.0,0.0,0.0,0.0,1.0,1.0,12.893739238889712
1.0,0.0,0.0,1.0,4.0,1.0,4.0,4.0,1.0,1.0,1.0,9.295886882137976
0.0,0.0,0.0,0.0,0.0,3.0,2.0,1.0,1.0,0.0,1.0,-2.996429127077797
0.0,0.0,0.0,0.0,1.0,1.0,0.0,0.0,0.0,1.0,1.0,9.793151741956668
1.0,0.0,0.0,1.0,4.0,3.0,1.0,3.0,0.0,1.0,0.0,13.814638397030684
1.0,1.0,0.0,1.0,4.0,0.0,2.0,2.0,1.0,0.0,1.0,16.065505131372266
0.0,0.0,1.0,1.0,3.0,5.0,4.0,5.0,0.0,1.0,1.0,14.762887989954509
0.0,1.0,0.0,0.0,1.0,3.0,1.0,1.0,0.0,0.0,0.0,10.966947810376858
0.0,0.0,1.0,1.0,4.0,3.0,0.0,0.0,1.0,0.0,1.0,1.2704918171109174
0.0,1.0,0.0,0.0,4.0,2.0,2.0,2.0,1.0,0.0,1.0,20.94591072461862
1.0,1.0,0.0,1.0,2.0,0.0,4.0,4.0,1.0,0.0,1.0,-4.319764758451264
1.0,1.0,0.0,0.0,1.0,4.0,2.0,2.0,1.0,1.0,1.0,1.020007476937656
0.0,1.0,0.0,1.0,3.0,4.0,1.0,2.0,1.0,1.0,1.0,21.017736666018727
1.0,1.0,0.0,0.0,0.0,3.0,5.0,5.0,0.0,0.0,0.0,5.58804835918134
1.0,1.0,0.0,0.0,5.0,3.0,3.0,2.0,1.0,0.0,1.0,3.752087298263726
0.0,0.0,1.0,1.0,1.0,3.0,2.0,2.0,0.0,0.0,1.0,-3.408157331852486
1.0,1.0,0.0,0.0,4.0,3.0,4.0,4.0,1.0,0.0,0.0,4.894243182825829
1.0,1.0,1.0,1.0,4.0,1.0,4.0,0.0,1.0,1.0,1.0,4.858275288537715
1.0,0.0,0.0,0.0,3.0,4.0,3.0,3.0,0.0,0.0,0.0,11.16671726857927
1.0,1.0,0.0,0.0,3.0,4.0,1.0,1.0,1.0,0.0,0.0,-0.0619231734816985
1.0,0.0,1.0,1.0,1.0,4.0,1.0,1.0,0.0,0.0,1.0,13.280685313306456
1.0,1.0,0.0,0.0,5.0,0.0,2.0,3.0,0.0,1.0,1.0,16.05757854675217
1.0,1.0,0.0,0.0,0.0,2.0,1.0,0.0,0.0,0.0,1.0,-1.377002034362147
0.0,0.0,1.0,1.0,1.0,0.0,0.0,3.0,1.0,1.0,1.0,6.787768614329234
0.0,1.0,1.0,0.0,3.0,3.0,3.0,3.0,0.0,0.0,0.0,15.156974731678703
0.0,0.0,0.0,0.0,4.0,0.0,3.0,2.0,0.0,1.0,0.0,9.88208852241511
0.0,0.0,1.0,1.0,4.0,3.0,4.0,0.0,0.0,1.0,0.0,9.114180628483233
0.0,0.0,1.0,0.0,0.0,2.0,5.0,5.0,0.0,1.0,1.0,15.984426633493232
1.0,1.0,1.0,0.0,2.0,5.0,3.0,5.0,0.0,0.0,1.0,8.551210124200189
1.0,0.0,0.0,1.0,0.0,2.0,5.0,2.0,0.0,1.0,1.0,9.117357456702276
0.0,0.0,0.0,1.0,4.0,5.0,2.0,2.0,1.0,0.0,1.0,-4.29717284056135
0.0,0.0,1.0,0.0,3.0,0.0,4.0,4.0,0.0,0.0,1.0,0.7374376245664678
0.0,0.0,1.0,0.0,1.0,5.0,3.0,5.0,1.0,0.0,0.0,14.862416158459292
1.0,1.0,0.0,1.0,5.0,5.0,4.0,4.0,1.0,1.0,1.0,7.28787466524413
0.0,0.0,0.0,0.0,4.0,0.0,1.0,1.0,1.0,0.0,0.0,14.575833731510173
0.0,0.0,1.0,0.0,0.0,3.0,3.0,3.0,0.0,1.0,1.0,7.533198675967496
1.0,1.0,1.0,0.0,0.0,2.0,5.0,5.0,0.0,1.0,1.0,7.150045423131941
0.0,0.0,0.0,1.0,2.0,5.0,4.0,0.0,1.0,0.0,0.0,2.8620801912311142
0.0,0.0,0.0,1.0,5.0,1.0,0.0,0.0,0.0,0.0,0.0,19.20928290894214
1.0,1.0,0.0,0.0,4.0,3.0,3.0,4.0,0.0,1.0,1.0,0.6175317848692004
0.0,1.0,1.0,0.0,5.0,5.0,5.0,0.0,1.0,1.0,0.0,13.962203402419018
0.0,0.0,0.0,1.0,5.0,3.0,4.0,0.0,0.0,0.0,0.0,-3.2532896760180563
1.0,0.0,1.0,1.0,1.0,4.0,3.0,3.0,0.0,1.0,0.0,14.72684554482749
0.0,1.0,1.0,1.0,5.0,2.0,3.0,3.0,1.0,1.0,0.0,6.872731338908944
1.0,1.0,1.0,0.0,2.0,0.0,1.0,1.0,0.0,0.0,1.0,9.995731794424408
1.0,1.0,0.0,0.0,3.0,5.0,2.0,0.0,0.0,0.0,0.0,-4.177948754228363
0.0,0.0,0.0,0.0,2.0,4.0,4.0,4.0,0.0,0.0,1.0,3.708351411265188
0.0,1.0,0.0,0.0,5.0,0.0,0.0,0.0,0.0,1.0,0.0,-1.0654878337796805
0.0,0.0,1.0,0.0,5.0,5.0,4.0,4.0,1.0,0.0,0.0,11.274449885393686
1.0,0.0,0.0,1.0,0.0,5.0,3.0,2.0,0.0,0.0,1.0,16.717074228838342
0.0,1.0,1.0,0.0,4.0,5.0,4.0,4.0,1.0,0.0,0.0,-1.5405964409676778
1.0,1.0,0.0,0.0,0.0,3.0,4.0,4.0,0.0,0.0,0.0,7.133456423333936
0.0,0.0,1.0,1.0,0.0,0.0,0.0,0.0,0.0,0.0,1.0,11.710506851002313
1.0,0.0,1.0,1.0,1.0,0.0,1.0,2.0,0.0,1.0,0.0,15.193804314671604
1.0,0.0,1.0,1.0,2.0,0.0,1.0,3.0,0.0,0.0,1.0,9.07918347871723
1.0,0.0,1.0,0.0,1.0,5.0,4.0,4.0,0.0,0.0,0.0,18.78068968708732
1.0,1.0,1.0,1.0,4.0,5.0,5.0,3.0,0.0,0.0,0.0,15.190686716818814
1.0,1.0,0.0,0.0,4.0,3.0,4.0,0.0,1.0,0.0,0.0,3.778901565467624
0.0,0.0,0.0,1.0,3.0,2.0,4.0,4.0,0.0,1.0,1.0,0.4601518468237024
0.0,1.0,0.0,1.0,4.0,0.0,4.0,5.0,1.0,1.0,0.0,5.030696364199139
1.0,0.0,0.0,0.0,2.0,5.0,2.0,2.0,0.0,1.0,0.0,20.796413600679635
0.0,0.0,1.0,0.0,1.0,5.0,1.0,1.0,1.0,1.0,0.0,1.633374654688266
0.0,0.0,0.0,1.0,4.0,4.0,0.0,0.0,0.0,0.0,1.0,1.091068806510207
0.0,0.0,1.0,1.0,4.0,1.0,4.0,3.0,0.0,0.0,0.0,17.797329581456484
1.0,1.0,0.0,0.0,2.0,0.0,3.0,5.0,1.0,0.0,1.0,12.80600193041712
0.0,1.0,0.0,0.0,5.0,2.0,5.0,1.0,1.0,1.0,1.0,-4.312798357452931
0.0,1.0,1.0,1.0,3.0,4.0,2.0,2.0,1.0,1.0,1.0,1.6460661858829964
1.0,0.0,0.0,0.0,0.0,1.0,5.0,5.0,0.0,0.0,0.0,16.588887283625517
0.0,1.0,0.0,1.0,2.0,0.0,3.0,3.0,0.0,0.0,1.0,-4.431984909943709
1.0,0.0,0.0,0.0,3.0,2.0,2.0,2.0,0.0,1.0,0.0,1.6651847506935278
0.0,0.0,0.0,0.0,5.0,0.0,1.0,1.0,1.0,0.0,0.0,-4.938323138656333
0.0,1.0,0.0,1.0,4.0,2.0,5.0,1.0,0.0,0.0,1.0,5.964902938794694
0.0,0.0,0.0,1.0,2.0,5.0,0.0,0.0,0.0,0.0,1.0,18.648390670839674
1.0,1.0,1.0,1.0,0.0,2.0,5.0,5.0,0.0,0.0,1.0,21.342215399230213
0.0,0.0,0.0,1.0,5.0,5.0,4.0,2.0,1.0,1.0,1.0,19.165258457699515
1.0,0.0,1.0,0.0,0.0,1.0,4.0,4.0,1.0,1.0,0.0,17.04083155032359
0.0,1.0,0.0,0.0,0.0,5.0,3.0,1.0,0.0,1.0,0.0,8.762227098484347
0.0,1.0,0.0,1.0,0.0,2.0,0.0,1.0,0.0,0.0,1.0,4.817380186246426
1.0,1.0,1.0,1.0,0.0,3.0,2.0,2.0,0.0,0.0,0.0,20.752783775953294
0.0,0.0,0.0,1.0,0.0,2.0,1.0,0.0,0.0,0.0,0.0,16.373245284363225
1.0,1.0,1.0,1.0,5.0,0.0,2.0,3.0,1.0,1.0,0.0,19.72962096244049
0.0,0.0,1.0,0.0,2.0,1.0,4.0,4.0,0.0,1.0,1.0,17.33569314966216
1.0,1.0,0.0,1.0,4.0,2.0,5.0,3.0,1.0,0.0,1.0,15.708230433958123
0.0,0.0,0.0,0.0,1.0,4.0,5.0,5.0,0.0,1.0,0.0,18.567168128952662
1.0,0.0,0.0,1.0,0.0,0.0,3.0,4.0,0.0,0.0,0.0,0.6508205498401232
1.0,0.0,1.0,1.0,4.0,3.0,5.0,4.0,0.0,1.0,1.0,18.79261823423584
0.0,0.0,0.0,0.0,2.0,1.0,5.0,1.0,0.0,1.0,1.0,-2.606170496685267
0.0,0.0,0.0,1.0,0.0,1.0,3.0,4.0,0.0,1.0,0.0,11.885259577312226
1.0,0.0,0.0,0.0,0.0,2.0,4.0,2.0,1.0,1.0,1.0,-2.1487521695569622
0.0,0.0,0.0,0.0,4.0,1.0,3.0,2.0,0.0,0.0,0.0,0.2604683213991769
1.0,0.0,0.0,1.0,2.0,4.0,4.0,4.0,1.0,1.0,0.0,11.25544121549207
0.0,0.0,0.0,0.0,3.0,0.0,0.0,2.0,1.0,0.0,1.0,6.628575028969316
0.0,0.0,0.0,0.0,3.0,3.0,4.0,4.0,1.0,0.0,0.0,10.317674314639913
1.0,0.0,0.0,1.0,0.0,3.0,3.0,3.0,1.0,0.0,1.0,8.731508184065222
1.0,0.0,0.0,1.0,2.0,1.0,0.0,0.0,0.0,1.0,0.0,4.322442692605037
1.0,0.0,1.0,1.0,3.0,2.0,1.0,1.0,1.0,0.0,0.0,9.210238880562196
1.0,0.0,0.0,1.0,1.0,2.0,3.0,3.0,1.0,1.0,0.0,13.413203090833903
1.0,1.0,1.0,1.0,3.0,0.0,5.0,4.0,0.0,0.0,0.0,20.57993683903372
0.0,1.0,1.0,0.0,1.0,5.0,2.0,2.0,1.0,1.0,1.0,12.515728721911696
0.0,0.0,0.0,1.0,2.0,5.0,3.0,5.0,1.0,1.0,1.0,-4.189107992886875
1.0,1.0,1.0,1.0,3.0,0.0,4.0,4.0,1.0,1.0,0.0,9.115802886408131
0.0,0.0,0.0,1.0,0.0,4.0,5.0,4.0,0.0,0.0,0.0,-4.346473200770486
1.0,1.0,0.0,0.0,5.0,5.0,1.0,3.0,1.0,1.0,0.0,9.96659019076682
0.0,1.0,0.0,0.0,1.0,2.0,4.0,4.0,0.0,0.0,1.0,18.56452178893501
0.0,0.0,1.0,0.0,5.0,4.0,2.0,2.0,1.0,1.0,1.0,16.44795994401218
0.0,0.0,0.0,0.0,2.0,5.0,3.0,2.0,1.0,0.0,0.0,3.834156251840328
1.0,0.0,0.0,1.0,0.0,3.0,3.0,4.0,0.0,1.0,0.0,7.2754086612689886
0.0,0.0,1.0,1.0,0.0,1.0,3.0,3.0,0.0,0.0,1.0,0.0694111929726322
1.0,0.0,1.0,1.0,4.0,5.0,3.0,4.0,1.0,0.0,0.0,3.3665941729723805
0.0,0.0,0.0,1.0,4.0,1.0,0.0,0.0,1.0,1.0,0.0,15.666450689660778
1.0,1.0,0.0,1.0,0.0,4.0,3.0,0.0,0.0,1.0,0.0,16.528471552985632
1.0,1.0,1.0,0.0,3.0,0.0,4.0,3.0,1.0,0.0,1.0,-3.500452029007469
1.0,0.0,0.0,0.0,0.0,3.0,3.0,0.0,0.0,0.0,1.0,14.214401380764304
1.0,1.0,1.0,1.0,0.0,4.0,1.0,1.0,0.0,0.0,0.0,4.584977834235183
1.0,1.0,1.0,0.0,3.0,2.0,4.0,1.0,1.0,0.0,1.0,3.686856933685658
1.0,1.0,0.0,0.0,1.0,1.0,0.0,0.0,1.0,0.0,1.0,19.92822858810872
1.0,1.0,0.0,0.0,1.0,2.0,1.0,1.0,0.0,1.0,0.0,5.175055085641676
1.0,1.0,1.0,0.0,2.0,0.0,1.0,3.0,0.0,1.0,0.0,13.195420863571997
1.0,1.0,1.0,0.0,5.0,2.0,0.0,0.0,0.0,0.0,1.0,10.189822814530046
1.0,1.0,0.0,1.0,5.0,1.0,5.0,1.0,1.0,1.0,0.0,15.78471130980213
1.0,0.0,1.0,1.0,2.0,3.0,2.0,2.0,1.0,0.0,1.0,18.98083015408088
1.0,1.0,0.0,0.0,5.0,0.0,2.0,2.0,0.0,0.0,1.0,7.615525818570532
0.0,1.0,0.0,1.0,3.0,2.0,3.0,3.0,1.0,1.0,1.0,15.163721053798652
0.0,0.0,0.0,0.0,2.0,1.0,0.0,0.0,0.0,1.0,1.0,-4.589765660049189
0.0,0.0,1.0,1.0,2.0,3.0,5.0,4.0,0.0,1.0,1.0,8.423011164232827
1.0,1.0,1.0,1.0,4.0,0.0,2.0,5.0,0.0,0.0,0.0,8.783051199931208
1.0,1.0,0.0,1.0,4.0,4.0,0.0,0.0,1.0,0.0,0.0,20.754058752876283
1.0,1.0,1.0,1.0,4.0,4.0,5.0,2.0,0.0,0.0,1.0,21.63698983127228
0.0,1.0,1.0,1.0,3.0,3.0,4.0,4.0,1.0,0.0,0.0,1.79717922229639
0.0,0.0,0.0,0.0,4.0,0.0,3.0,3.0,0.0,1.0,0.0,21.903565240707373
1.0,1.0,0.0,0.0,3.0,3.0,0.0,0.0,0.0,0.0,0.0,10.505314465599646
1.0,1.0,0.0,1.0,5.0,1.0,0.0,0.0,1.0,1.0,0.0,20.63526409425801
0.0,1.0,1.0,0.0,0.0,3.0,0.0,0.0,0.0,1.0,0.0,14.75429819129467
0.0,1.0,1.0,0.0,5.0,2.0,2.0,2.0,0.0,1.0,0.0,1.0689540633876549
1.0,0.0,0.0,0.0,0.0,5.0,5.0,4.0,0.0,0.0,1.0,5.668028682436878
0.0,0.0,1.0,0.0,2.0,4.0,0.0,1.0,1.0,0.0,1.0,15.487746390690628
0.0,0.0,0.0,0.0,5.0,1.0,4.0,4.0,1.0,0.0,0.0,8.177580437145176
0.0,1.0,0.0,1.0,4.0,5.0,3.0,4.0,0.0,0.0,0.0,18.627238616634774
0.0,0.0,0.0,1.0,0.0,1.0,3.0,3.0,0.0,0.0,1.0,0.5861951349953811
0.0,0.0,1.0,0.0,0.0,5.0,5.0,5.0,1.0,1.0,0.0,12.739947220490894
1.0,0.0,1.0,0.0,1.0,3.0,3.0,3.0,0.0,1.0,0.0,7.906482994034224
0.0,0.0,0.0,0.0,2.0,4.0,3.0,5.0,1.0,0.0,0.0,7.999495508043772
1.0,1.0,0.0,0.0,2.0,3.0,2.0,0.0,1.0,0.0,1.0,6.258727805050231
1.0,1.0,1.0,0.0,0.0,1.0,2.0,2.0,1.0,0.0,1.0,2.75263929171005
1.0,1.0,0.0,1.0,2.0,1.0,3.0,3.0,0.0,0.0,1.0,18.09331171620592
0.0,0.0,1.0,1.0,2.0,3.0,4.0,4.0,1.0,1.0,0.0,2.176106350451924
1.0,1.0,0.0,1.0,4.0,3.0,0.0,0.0,0.0,0.0,0.0,10.03081761883412
1.0,1.0,0.0,0.0,0.0,2.0,5.0,5.0,0.0,0.0,0.0,10.552676425226128
1.0,1.0,0.0,0.0,1.0,0.0,0.0,0.0,1.0,0.0,0.0,20.35747411265772
1.0,1.0,1.0,0.0,0.0,2.0,2.0,2.0,1.0,0.0,1.0,-2.635000929731334
0.0,1.0,0.0,1.0,2.0,4.0,5.0,4.0,0.0,0.0,0.0,5.0271839416353785
0.0,0.0,0.0,0.0,2.0,5.0,3.0,3.0,0.0,0.0,1.0,11.54694163610285
1.0,1.0,0.0,0.0,5.0,0.0,0.0,0.0,1.0,0.0,1.0,1.2548147510866725
1.0,0.0,0.0,0.0,1.0,4.0,0.0,0.0,1.0,0.0,1.0,15.401431490871149
0.0,0.0,0.0,0.0,2.0,2.0,3.0,1.0,1.0,1.0,1.0,4.879572290175712
0.0,0.0,1.0,0.0,3.0,4.0,0.0,5.0,1.0,0.0,1.0,20.486083631182243
1.0,0.0,0.0,0.0,1.0,2.0,1.0,1.0,0.0,0.0,1.0,19.18573434533732
0.0,0.0,0.0,0.0,0.0,0.0,2.0,2.0,1.0,1.0,1.0,5.499236048229804
0.0,1.0,0.0,1.0,2.0,1.0,0.0,0.0,1.0,0.0,1.0,-1.5375391869077468
0.0,0.0,0.0,1.0,0.0,2.0,5.0,5.0,0.0,1.0,0.0,4.2240695101154095
1.0,1.0,0.0,1.0,0.0,3.0,5.0,4.0,0.0,1.0,1.0,-2.020567992088085
1.0,0.0,1.0,0.0,1.0,5.0,5.0,5.0,0.0,1.0,1.0,0.0314186141725594
1.0,1.0,0.0,0.0,4.0,0.0,2.0,2.0,0.0,0.0,0.0,15.088080713220826
0.0,0.0,0.0,1.0,0.0,4.0,5.0,5.0,0.0,1.0,0.0,4.96303227844
0.0,0.0,1.0,0.0,5.0,1.0,4.0,2.0,0.0,0.0,0.0,7.849702943649859
1.0,1.0,1.0,1.0,1.0,1.0,1.0,1.0,1.0,0.0,1.0,15.131946609889964
0.0,0.0,1.0,0.0,1.0,1.0,4.0,0.0,1.0,1.0,0.0,1.5596846517372285
1.0,1.0,0.0,1.0,0.0,5.0,0.0,4.0,0.0,0.0,0.0,13.67757088163298
0.0,0.0,0.0,0.0,3.0,4.0,3.0,1.0,1.0,1.0,1.0,12.907013571421246
0.0,0.0,1.0,1.0,0.0,1.0,5.0,3.0,0.0,1.0,0.0,5.189029765022726
1.0,1.0,1.0,0.0,2.0,2.0,4.0,4.0,0.0,1.0,1.0,6.215018176980497
0.0,0.0,1.0,1.0,0.0,1.0,3.0,3.0,0.0,0.0,0.0,16.54692256809447
1.0,1.0,0.0,1.0,0.0,3.0,2.0,3.0,1.0,0.0,1.0,6.5893766038919495
0.0,0.0,1.0,1.0,3.0,5.0,3.0,5.0,1.0,0.0,1.0,9.821145889746216
0.0,0.0,0.0,1.0,4.0,2.0,2.0,3.0,1.0,0.0,0.0,10.044597149577854
0.0,0.0,1.0,1.0,3.0,5.0,1.0,1.0,0.0,0.0,1.0,19.96968725459512
1.0,1.0,1.0,0.0,0.0,4.0,3.0,3.0,1.0,0.0,1.0,4.884986394967033
0.0,0.0,1.0,1.0,1.0,4.0,1.0,1.0,0.0,0.0,0.0,-0.320744472684856
1.0,1.0,0.0,0.0,0.0,2.0,5.0,5.0,1.0,0.0,0.0,11.796661135500798
0.0,0.0,1.0,1.0,0.0,5.0,0.0,0.0,1.0,0.0,0.0,10.887443096400832
1.0,0.0,0.0,0.0,1.0,1.0,5.0,0.0,1.0,1.0,0.0,-4.288067718319461
0.0,1.0,1.0,0.0,2.0,4.0,0.0,0.0,1.0,0.0,1.0,6.080086707975768
0.0,0.0,0.0,1.0,4.0,1.0,0.0,0.0,1.0,1.0,1.0,7.725936057362958
1.0,0.0,0.0,0.0,0.0,4.0,0.0,0.0,0.0,0.0,0.0,6.546751506818591
1.0,1.0,1.0,0.0,5.0,0.0,2.0,2.0,0.0,1.0,0.0,11.508597554500485
0.0,0.0,0.0,1.0,3.0,1.0,4.0,4.0,1.0,1.0,0.0,1.2167338518918314
0.0,0.0,0.0,1.0,0.0,0.0,0.0,0.0,0.0,0.0,0.0,-1.2979391049535418
1.0,1.0,0.0,1.0,5.0,4.0,5.0,5.0,0.0,1.0,0.0,17.356533742553594
0.0,0.0,0.0,1.0,3.0,3.0,5.0,1.0,0.0,0.0,1.0,7.918890984713816
1.0,0.0,0.0,1.0,1.0,0.0,2.0,2.0,1.0,0.0,0.0,19.716682580295465
0.0,0.0,1.0,0.0,5.0,4.0,3.0,3.0,1.0,0.0,1.0,9.66879699701002
0.0,0.0,1.0,0.0,4.0,1.0,0.0,0.0,1.0,0.0,0.0,4.617996757455778
1.0,1.0,1.0,1.0,5.0,4.0,1.0,5.0,1.0,0.0,0.0,1.835634142470376
0.0,1.0,0.0,1.0,1.0,0.0,2.0,2.0,1.0,0.0,0.0,9.388678510264898
1.0,1.0,0.0,0.0,1.0,2.0,0.0,5.0,1.0,0.0,1.0,14.665236436641733
0.0,0.0,1.0,1.0,0.0,4.0,5.0,4.0,1.0,1.0,0.0,14.152629449129297
1.0,0.0,0.0,0.0,3.0,0.0,1.0,3.0,1.0,0.0,0.0,4.205492896010808
1.0,1.0,0.0,1.0,5.0,2.0,0.0,0.0,1.0,0.0,1.0,14.032967136958112
1.0,0.0,0.0,1.0,1.0,1.0,1.0,1.0,0.0,1.0,1.0,21.162985566340623
1.0,1.0,0.0,0.0,2.0,5.0,2.0,2.0,0.0,0.0,1.0,16.052100397438746
0.0,0.0,1.0,1.0,4.0,4.0,5.0,0.0,1.0,0.0,0.0,11.259884276599344
1.0,1.0,1.0,0.0,1.0,2.0,5.0,5.0,0.0,0.0,1.0,3.085415890821181
1.0,1.0,0.0,0.0,1.0,0.0,0.0,0.0,1.0,1.0,0.0,-1.6306803240008554
1.0,0.0,1.0,0.0,2.0,4.0,0.0,0.0,1.0,0.0,0.0,9.043606076611937
0.0,1.0,1.0,1.0,0.0,5.0,2.0,2.0,0.0,0.0,0.0,11.278038364988737
0.0,0.0,1.0,0.0,0.0,4.0,1.0,1.0,1.0,1.0,0.0,21.27071232262414
1.0,1.0,0.0,0.0,0.0,5.0,1.0,1.0,1.0,0.0,1.0,-2.062263229014975
1.0,1.0,1.0,0.0,5.0,5.0,1.0,1.0,0.0,0.0,1.0,15.666960100954643
0.0,0.0,1.0,1.0,0.0,0.0,1.0,1.0,1.0,1.0,0.0,11.706465099700647
0.0,0.0,0.0,1.0,0.0,3.0,2.0,2.0,1.0,0.0,1.0,14.153326643495909
0.0,0.0,0.0,1.0,1.0,5.0,0.0,1.0,1.0,1.0,0.0,-4.783917271113512
1.0,1.0,1.0,1.0,1.0,3.0,0.0,0.0,1.0,0.0,1.0,3.043756408675012
1.0,0.0,1.0,1.0,1.0,3.0,3.0,1.0,1.0,0.0,0.0,7.434007277445405
0.0,0.0,1.0,1.0,3.0,5.0,4.0,0.0,0.0,1.0,1.0,11.992904953988855
1.0,0.0,1.0,0.0,4.0,3.0,0.0,3.0,0.0,1.0,0.0,6.383580486046558
0.0,0.0,1.0,0.0,1.0,1.0,2.0,3.0,1.0,1.0,0.0,4.926445262505059
1.0,1.0,1.0,1.0,4.0,3.0,0.0,2.0,1.0,1.0,0.0,13.730863733368132
1.0,1.0,1.0,1.0,0.0,4.0,2.0,5.0,0.0,1.0,0.0,0.3301888510165804
1.0,1.0,1.0,0.0,4.0,1.0,0.0,2.0,1.0,0.0,1.0,9.345896223583985
0.0,0.0,1.0,1.0,3.0,5.0,0.0,0.0,1.0,0.0,0.0,19.65327419031446
0.0,0.0,0.0,1.0,4.0,3.0,5.0,4.0,0.0,0.0,0.0,6.8056106463463415
1.0,1.0,0.0,0.0,3.0,0.0,2.0,3.0,1.0,0.0,0.0,11.793796657961412
1.0,1.0,1.0,0.0,5.0,3.0,2.0,1.0,0.0,0.0,1.0,17.456995979849033
1.0,1.0,1.0,0.0,3.0,5.0,1.0,5.0,1.0,1.0,1.0,9.67704958943722
0.0,1.0,1.0,1.0,4.0,1.0,0.0,5.0,0.0,1.0,1.0,12.155248229639422
0.0,0.0,0.0,0.0,5.0,5.0,1.0,2.0,0.0,1.0,1.0,4.840322257711277
0.0,0.0,0.0,1.0,3.0,0.0,1.0,1.0,1.0,0.0,0.0,9.273359112828365
0.0,0.0,0.0,1.0,3.0,4.0,1.0,4.0,0.0,1.0,0.0,0.0325933568631393
1.0,1.0,0.0,0.0,0.0,4.0,5.0,4.0,1.0,1.0,0.0,7.220273021550629
0.0,0.0,0.0,1.0,4.0,2.0,5.0,5.0,0.0,1.0,0.0,17.89234919300032
0.0,0.0,1.0,1.0,4.0,2.0,5.0,0.0,1.0,0.0,1.0,6.773566159945647
0.0,0.0,1.0,0.0,3.0,2.0,3.0,3.0,0.0,1.0,1.0,2.465391222239095
0.0,0.0,0.0,1.0,1.0,1.0,4.0,1.0,1.0,0.0,1.0,15.87320404686055
0.0,0.0,0.0,1.0,0.0,3.0,0.0,0.0,0.0,1.0,0.0,15.45231841516717
1.0,1.0,0.0,0.0,5.0,5.0,3.0,3.0,0.0,1.0,0.0,16.9546219253823
0.0,0.0,1.0,1.0,3.0,2.0,2.0,4.0,0.0,0.0,0.0,11.810942684125646
1.0,0.0,0.0,0.0,0.0,4.0,3.0,3.0,0.0,1.0,0.0,11.655515011049442
1.0,1.0,1.0,0.0,0.0,0.0,1.0,3.0,0.0,0.0,0.0,8.543317885073646
1.0,1.0,1.0,1.0,0.0,5.0,3.0,4.0,1.0,0.0,0.0,10.788788022941636
0.0,1.0,0.0,0.0,5.0,1.0,0.0,0.0,1.0,1.0,1.0,2.1192960572928365
0.0,0.0,1.0,1.0,2.0,3.0,3.0,3.0,0.0,1.0,0.0,16.930693711958074
1.0,0.0,1.0,1.0,0.0,1.0,5.0,5.0,1.0,1.0,1.0,8.890711079345923
1.0,1.0,1.0,0.0,5.0,3.0,1.0,1.0,1.0,1.0,0.0,1.98291673110298
1.0,1.0,1.0,1.0,0.0,2.0,0.0,3.0,1.0,0.0,0.0,1.6612579020617089
1.0,0.0,0.0,1.0,2.0,0.0,2.0,1.0,0.0,1.0,1.0,20.580934703915485
0.0,1.0,1.0,1.0,4.0,3.0,5.0,5.0,1.0,0.0,1.0,-3.630173593621632
0.0,1.0,0.0,0.0,4.0,2.0,0.0,2.0,1.0,0.0,1.0,-1.185568390200744
0.0,0.0,0.0,1.0,1.0,3.0,3.0,0.0,1.0,1.0,0.0,19.178548701749754
1.0,1.0,0.0,1.0,5.0,0.0,1.0,1.0,1.0,0.0,0.0,17.211370452898247
1.0,1.0,1.0,0.0,3.0,4.0,1.0,5.0,1.0,0.0,0.0,15.926421119396649
0.0,1.0,0.0,1.0,4.0,0.0,2.0,2.0,1.0,1.0,0.0,0.5476812967866405
1.0,1.0,1.0,0.0,3.0,3.0,1.0,1.0,0.0,1.0,0.0,7.174976863991986
0.0,0.0,1.0,1.0,5.0,4.0,3.0,3.0,1.0,0.0,1.0,19.16877005183795
0.0,0.0,0.0,0.0,2.0,3.0,5.0,5.0,0.0,1.0,1.0,-3.379388207549172
1.0,1.0,0.0,0.0,0.0,5.0,5.0,5.0,1.0,0.0,0.0,-0.8510573431908792
1.0,1.0,1.0,0.0,4.0,0.0,0.0,5.0,1.0,0.0,0.0,14.44432121870577
1.0,1.0,1.0,0.0,0.0,3.0,3.0,3.0,0.0,1.0,1.0,20.953621918951363
1.0,1.0,1.0,1.0,5.0,5.0,0.0,1.0,0.0,1.0,1.0,7.040419607317114
1.0,1.0,0.0,0.0,0.0,0.0,3.0,3.0,1.0,0.0,0.0,16.027053452001077
1.0,0.0,1.0,1.0,5.0,3.0,0.0,0.0,1.0,1.0,0.0,20.852767437570545
0.0,0.0,0.0,0.0,1.0,0.0,3.0,5.0,0.0,1.0,1.0,20.04687301423951
1.0,1.0,0.0,1.0,0.0,5.0,5.0,2.0,0.0,0.0,0.0,19.9984367458826
0.0,0.0,0.0,1.0,2.0,2.0,2.0,0.0,0.0,0.0,1.0,-2.062547549136129
1.0,1.0,0.0,0.0,3.0,0.0,1.0,1.0,1.0,1.0,0.0,16.108129009012785
1.0,1.0,0.0,0.0,2.0,3.0,0.0,0.0,0.0,1.0,0.0,16.446035305359615
0.0,0.0,0.0,1.0,2.0,4.0,4.0,4.0,0.0,0.0,1.0,18.55606565127825
1.0,1.0,0.0,1.0,2.0,5.0,5.0,5.0,1.0,1.0,1.0,21.38896442872312
0.0,0.0,1.0,1.0,0.0,1.0,4.0,4.0,1.0,0.0,1.0,11.016583714107629
0.0,1.0,1.0,0.0,1.0,1.0,1.0,4.0,0.0,1.0,1.0,-2.66350739959693
0.0,0.0,1.0,0.0,3.0,1.0,0.0,0.0,1.0,1.0,1.0,16.139791965748195
1.0,1.0,0.0,0.0,2.0,3.0,3.0,3.0,1.0,0.0,0.0,13.113714605571996
1.0,0.0,0.0,1.0,5.0,0.0,5.0,5.0,1.0,0.0,0.0,9.81215145473736
1.0,1.0,0.0,0.0,4.0,2.0,1.0,0.0,0.0,1.0,1.0,12.371180911044547
0.0,1.0,0.0,1.0,3.0,1.0,1.0,2.0,1.0,0.0,0.0,3.16059196423914
1.0,1.0,0.0,0.0,0.0,0.0,2.0,3.0,0.0,0.0,0.0,19.14342587721625
1.0,0.0,1.0,1.0,2.0,0.0,3.0,3.0,1.0,1.0,0.0,4.391230746685158
1.0,0.0,1.0,0.0,0.0,3.0,2.0,2.0,0.0,1.0,0.0,11.842756914482491
0.0,0.0,0.0,0.0,1.0,4.0,3.0,1.0,0.0,1.0,1.0,14.22782313327316
0.0,0.0,1.0,0.0,3.0,0.0,5.0,4.0,1.0,1.0,1.0,8.605379621612036
0.0,0.0,1.0,0.0,2.0,1.0,0.0,2.0,1.0,0.0,0.0,17.22760079571323
0.0,0.0,1.0,0.0,5.0,0.0,5.0,3.0,0.0,0.0,1.0,5.798749256616576
1.0,0.0,1.0,0.0,2.0,2.0,3.0,3.0,1.0,1.0,1.0,-4.187367533983057
0.0,0.0,0.0,1.0,3.0,4.0,0.0,0.0,0.0,0.0,0.0,21.8532915740912
1.0,0.0,0.0,0.0,0.0,3.0,1.0,1.0,0.0,0.0,0.0,1.3552968897013509
1.0,1.0,0.0,0.0,5.0,4.0,3.0,3.0,1.0,0.0,1.0,-2.7209054779477166
0.0,0.0,0.0,0.0,3.0,4.0,0.0,4.0,1.0,1.0,0.0,-3.427504785346698
0.0,0.0,1.0,1.0,3.0,0.0,3.0,1.0,1.0,0.0,0.0,17.99194456855449
0.0,1.0,1.0,1.0,1.0,4.0,0.0,0.0,1.0,1.0,0.0,1.341545790958322
0.0,1.0,0.0,1.0,4.0,2.0,1.0,3.0,0.0,0.0,0.0,11.840782980126695
0.0,0.0,1.0,1.0,1.0,2.0,3.0,3.0,1.0,0.0,0.0,-3.0039408819985134
0.0,0.0,1.0,1.0,3.0,2.0,0.0,0.0,0.0,0.0,0.0,16.8132734497828
1.0,1.0,1.0,1.0,4.0,0.0,1.0,0.0,0.0,0.0,1.0,0.6174399487842637
0.0,1.0,1.0,1.0,3.0,4.0,2.0,5.0,0.0,1.0,0.0,13.94006060011186
0.0,1.0,0.0,0.0,4.0,2.0,1.0,1.0,0.0,1.0,0.0,3.6263333066319934
1.0,1.0,1.0,0.0,2.0,3.0,1.0,4.0,0.0,1.0,1.0,14.307291468932693
1.0,1.0,1.0,1.0,2.0,5.0,1.0,4.0,1.0,0.0,0.0,20.503766868923083
1.0,1.0,1.0,0.0,4.0,0.0,2.0,2.0,0.0,0.0,1.0,8.076984870190444
0.0,0.0,1.0,1.0,0.0,1.0,5.0,5.0,1.0,1.0,1.0,-0.2863387331288596
0.0,0.0,1.0,0.0,0.0,3.0,0.0,0.0,0.0,0.0,0.0,1.5584471856429545
1.0,1.0,0.0,1.0,4.0,4.0,0.0,0.0,0.0,0.0,0.0,14.491933843918918
0.0,0.0,0.0,1.0,4.0,3.0,3.0,1.0,1.0,0.0,0.0,-1.7038081732133716
0.0,0.0,0.0,0.0,4.0,0.0,4.0,5.0,1.0,0.0,1.0,6.494757139587311
1.0,1.0,1.0,0.0,2.0,4.0,4.0,4.0,1.0,1.0,0.0,-3.973138965942965
1.0,1.0,1.0,0.0,2.0,1.0,0.0,1.0,1.0,0.0,1.0,17.730842298566813
0.0,0.0,1.0,1.0,1.0,2.0,1.0,5.0,1.0,1.0,0.0,18.815947503503303
1.0,1.0,1.0,1.0,3.0,0.0,3.0,3.0,1.0,0.0,0.0,20.204064032203025
0.0,0.0,0.0,1.0,1.0,3.0,4.0,4.0,0.0,0.0,0.0,-2.0022154560895684
1.0,1.0,0.0,0.0,2.0,5.0,4.0,2.0,1.0,0.0,0.0,8.10021375154928
0.0,1.0,1.0,0.0,5.0,3.0,1.0,1.0,1.0,0.0,1.0,14.23918007124906
0.0,1.0,0.0,1.0,2.0,5.0,2.0,2.0,0.0,1.0,0.0,20.46790745485263
1.0,0.0,0.0,0.0,2.0,5.0,4.0,4.0,1.0,1.0,1.0,-4.580179430283161
1.0,1.0,0.0,1.0,4.0,2.0,0.0,4.0,1.0,0.0,1.0,13.419352955938889
1.0,0.0,0.0,1.0,0.0,2.0,2.0,2.0,1.0,0.0,0.0,1.7800523579542258
1.0,0.0,1.0,0.0,5.0,5.0,0.0,2.0,0.0,1.0,1.0,3.769652811014169
0.0,0.0,0.0,1.0,5.0,5.0,5.0,4.0,0.0,0.0,0.0,-3.6281580917615264
0.0,1.0,1.0,0.0,5.0,4.0,3.0,2.0,0.0,1.0,0.0,-3.416314444483884
0.0,1.0,1.0,0.0,0.0,1.0,3.0,4.0,0.0,1.0,0.0,16.30744505227561
0.0,0.0,0.0,0.0,0.0,5.0,4.0,4.0,1.0,1.0,1.0,-3.3008797952141578
1.0,1.0,1.0,0.0,4.0,4.0,1.0,1.0,0.0,0.0,1.0,7.417560158902509
0.0,0.0,1.0,0.0,1.0,4.0,4.0,3.0,0.0,1.0,0.0,17.31489120667417
0.0,0.0,1.0,0.0,5.0,4.0,0.0,0.0,1.0,1.0,1.0,9.105795382090877
1.0,1.0,1.0,1.0,3.0,3.0,2.0,3.0,1.0,1.0,1.0,1.079322890082695
0.0,0.0,1.0,1.0,3.0,4.0,0.0,5.0,0.0,0.0,0.0,19.413332864124875
1.0,1.0,0.0,0.0,5.0,1.0,3.0,4.0,0.0,1.0,0.0,-3.339098038724883
1.0,1.0,0.0,0.0,4.0,4.0,0.0,0.0,0.0,0.0,1.0,15.484702428196634
0.0,1.0,0.0,1.0,0.0,5.0,0.0,1.0,1.0,1.0,1.0,6.948860921018614
0.0,0.0,1.0,1.0,5.0,1.0,3.0,1.0,1.0,1.0,0.0,5.535430455799196
0.0,0.0,1.0,1.0,1.0,0.0,5.0,0.0,1.0,1.0,1.0,7.14434241458768
0.0,0.0,0.0,1.0,5.0,1.0,5.0,5.0,0.0,1.0,0.0,15.344492694276845
1.0,1.0,1.0,0.0,2.0,0.0,4.0,4.0,1.0,1.0,1.0,12.147351087311666
0.0,0.0,1.0,0.0,5.0,2.0,3.0,3.0,0.0,1.0,0.0,-3.358156540616296
0.0,0.0,0.0,0.0,5.0,4.0,2.0,2.0,0.0,1.0,1.0,17.57647866988539
0.0,0.0,0.0,1.0,2.0,5.0,0.0,2.0,1.0,0.0,1.0,3.2977556572247746
0.0,1.0,0.0,0.0,3.0,3.0,5.0,5.0,0.0,0.0,1.0,0.8282697403513115
1.0,1.0,0.0,0.0,4.0,1.0,4.0,0.0,0.0,1.0,0.0,1.4673942308322694
1.0,1.0,0.0,1.0,4.0,5.0,4.0,0.0,0.0,0.0,0.0,6.781748881769376
0.0,0.0,0.0,0.0,3.0,0.0,5.0,4.0,1.0,0.0,1.0,21.009987958664503
0.0,0.0,1.0,0.0,1.0,3.0,2.0,0.0,0.0,0.0,0.0,10.523957719827491
0.0,0.0,1.0,0.0,2.0,1.0,1.0,1.0,0.0,0.0,0.0,15.81040182750552
1.0,1.0,0.0,1.0,1.0,1.0,0.0,0.0,0.0,1.0,1.0,1.6119330032088195
0.0,1.0,1.0,0.0,5.0,4.0,1.0,5.0,1.0,0.0,0.0,14.91367802873351
1.0,1.0,0.0,1.0,5.0,1.0,0.0,0.0,0.0,0.0,1.0,7.389169451349398
0.0,0.0,1.0,0.0,2.0,2.0,2.0,2.0,1.0,0.0,0.0,8.779671233358522
0.0,0.0,1.0,0.0,3.0,2.0,3.0,4.0,1.0,0.0,1.0,16.251773688809372
1.0,1.0,0.0,0.0,0.0,3.0,5.0,5.0,0.0,0.0,1.0,-4.8663401536281
1.0,1.0,1.0,1.0,3.0,3.0,4.0,2.0,1.0,1.0,0.0,13.980150990998052
0.0,0.0,0.0,0.0,0.0,0.0,5.0,5.0,1.0,1.0,0.0,16.391094027126574
0.0,1.0,0.0,0.0,0.0,4.0,4.0,4.0,1.0,0.0,1.0,0.4095526771848545
1.0,1.0,0.0,0.0,3.0,4.0,0.0,0.0,1.0,0.0,1.0,13.495202353946231
0.0,0.0,1.0,0.0,5.0,2.0,5.0,5.0,0.0,1.0,0.0,8.264999896035029
1.0,1.0,1.0,0.0,3.0,3.0,1.0,0.0,0.0,0.0,1.0,1.9700415216848528
1.0,1.0,1.0,1.0,1.0,0.0,0.0,0.0,0.0,1.0,0.0,12.218462743522068
0.0,0.0,0.0,1.0,2.0,2.0,5.0,4.0,1.0,1.0,1.0,13.997934928558731
1.0,1.0,0.0,1.0,1.0,2.0,4.0,4.0,1.0,1.0,0.0,8.392404371161453
0.0,0.0,1.0,0.0,0.0,5.0,4.0,4.0,0.0,1.0,1.0,5.68588057986336
1.0,1.0,1.0,0.0,4.0,5.0,3.0,3.0,0.0,1.0,0.0,3.6643524073457865
1.0,1.0,0.0,1.0,1.0,0.0,3.0,5.0,0.0,0.0,1.0,18.247878705427496
0.0,0.0,0.0,0.0,5.0,4.0,3.0,3.0,1.0,0.0,0.0,-4.750466028189289
1.0,1.0,0.0,0.0,2.0,4.0,1.0,1.0,0.0,1.0,0.0,15.113438129759048
0.0,0.0,1.0,0.0,3.0,1.0,3.0,2.0,0.0,1.0,0.0,5.797681489128813
1.0,0.0,0.0,0.0,4.0,1.0,2.0,1.0,1.0,0.0,1.0,13.890701308154227
1.0,1.0,1.0,0.0,5.0,2.0,5.0,5.0,0.0,1.0,1.0,11.954918438176676
1.0,0.0,1.0,0.0,3.0,3.0,5.0,5.0,1.0,0.0,0.0,-3.3129387306778684
0.0,0.0,0.0,0.0,3.0,4.0,1.0,0.0,1.0,0.0,0.0,1.1920821241959478
1.0,1.0,0.0,1.0,1.0,0.0,4.0,4.0,1.0,0.0,0.0,-4.987275034680153
0.0,0.0,0.0,0.0,2.0,5.0,1.0,1.0,0.0,0.0,0.0,1.243347486944944
1.0,0.0,1.0,0.0,0.0,1.0,5.0,3.0,1.0,0.0,1.0,12.07750374956131
1.0,1.0,0.0,1.0,0.0,3.0,2.0,1.0,0.0,1.0,1.0,8.217937700279128
1.0,1.0,0.0,1.0,0.0,2.0,0.0,0.0,0.0,0.0,1.0,15.34145657725205
1.0,0.0,0.0,1.0,2.0,3.0,4.0,3.0,1.0,0.0,0.0,-4.914802243122952
0.0,0.0,1.0,1.0,1.0,5.0,3.0,3.0,1.0,1.0,0.0,14.528795658332513
1.0,1.0,0.0,0.0,2.0,0.0,0.0,0.0,1.0,0.0,0.0,8.574792705971284
0.0,1.0,0.0,1.0,3.0,2.0,5.0,2.0,0.0,0.0,1.0,17.130524208501992
1.0,1.0,0.0,1.0,0.0,3.0,5.0,3.0,1.0,0.0,0.0,20.628614631580515
0.0,1.0,0.0,0.0,3.0,2.0,0.0,0.0,0.0,0.0,1.0,-0.6028796284351499
0.0,0.0,1.0,1.0,1.0,3.0,3.0,4.0,1.0,0.0,1.0,-2.8232606305136425
1.0,1.0,1.0,0.0,0.0,3.0,3.0,3.0,0.0,0.0,0.0,7.9070473297694015
1.0,0.0,0.0,1.0,1.0,2.0,4.0,4.0,0.0,1.0,1.0,5.116523549856554
1.0,1.0,1.0,0.0,5.0,1.0,0.0,0.0,1.0,0.0,1.0,17.442986125000576
1.0,1.0,0.0,0.0,0.0,2.0,1.0,3.0,0.0,0.0,1.0,-4.4037768769972745
0.0,1.0,1.0,0.0,5.0,3.0,3.0,0.0,1.0,1.0,1.0,6.443818678563144
1.0,1.0,0.0,0.0,1.0,1.0,5.0,5.0,1.0,1.0,1.0,15.731628764915987
1.0,1.0,1.0,0.0,4.0,5.0,4.0,4.0,0.0,0.0,0.0,10.093939676315022
0.0,1.0,1.0,1.0,1.0,1.0,4.0,4.0,1.0,0.0,1.0,-2.9368870320441944
1.0,1.0,1.0,1.0,5.0,1.0,4.0,5.0,1.0,0.0,0.0,14.915072656927556
1.0,1.0,1.0,1.0,0.0,5.0,0.0,0.0,1.0,1.0,1.0,1.2433283346104131
1.0,1.0,1.0,1.0,0.0,5.0,5.0,3.0,0.0,1.0,0.0,11.162673029221969
0.0,0.0,0.0,0.0,5.0,4.0,5.0,3.0,1.0,0.0,1.0,7.528593570773692
0.0,0.0,0.0,0.0,0.0,2.0,4.0,4.0,1.0,0.0,0.0,21.077237432657054
0.0,1.0,0.0,1.0,4.0,2.0,1.0,0.0,1.0,0.0,0.0,-2.838261077438325
0.0,0.0,0.0,1.0,4.0,3.0,4.0,4.0,1.0,1.0,0.0,7.066039373230886
1.0,1.0,1.0,0.0,3.0,2.0,1.0,1.0,0.0,0.0,1.0,4.650614939692723
0.0,0.0,1.0,1.0,5.0,5.0,1.0,1.0,1.0,1.0,0.0,5.200681885892724
1.0,1.0,0.0,0.0,5.0,1.0,1.0,1.0,0.0,0.0,1.0,13.5744502624702
1.0,1.0,0.0,0.0,1.0,4.0,4.0,5.0,0.0,0.0,1.0,6.255316313484689
0.0,0.0,1.0,1.0,4.0,2.0,2.0,2.0,0.0,1.0,1.0,15.523133112205445
0.0,0.0,0.0,1.0,5.0,5.0,1.0,1.0,0.0,0.0,1.0,10.37770913428509
0.0,1.0,1.0,1.0,0.0,5.0,4.0,4.0,0.0,1.0,0.0,12.155705726237764
0.0,0.0,0.0,1.0,5.0,3.0,3.0,0.0,1.0,1.0,1.0,4.544996157705963
0.0,0.0,1.0,0.0,1.0,0.0,5.0,5.0,1.0,0.0,0.0,3.521707124050206
0.0,0.0,1.0,1.0,1.0,5.0,2.0,0.0,0.0,1.0,0.0,15.592435419523229
1.0,0.0,0.0,1.0,4.0,4.0,2.0,2.0,1.0,0.0,0.0,15.759783083952232
0.0,0.0,0.0,1.0,4.0,3.0,1.0,1.0,0.0,1.0,1.0,12.259114703367246
0.0,0.0,1.0,1.0,0.0,3.0,1.0,1.0,0.0,1.0,0.0,15.985983692126752
0.0,0.0,1.0,1.0,3.0,0.0,0.0,0.0,0.0,1.0,0.0,-3.8415688303157935
0.0,1.0,0.0,0.0,0.0,3.0,0.0,3.0,0.0,1.0,0.0,-3.314490343684289
0.0,0.0,0.0,1.0,3.0,2.0,1.0,3.0,1.0,1.0,0.0,-4.730868759413856
0.0,1.0,1.0,1.0,3.0,3.0,4.0,1.0,1.0,0.0,1.0,14.850797698540797
1.0,1.0,1.0,1.0,3.0,3.0,1.0,1.0,1.0,0.0,0.0,15.855059508646082
0.0,0.0,0.0,1.0,2.0,1.0,4.0,1.0,1.0,1.0,1.0,19.974542035846174
0.0,0.0,1.0,1.0,2.0,4.0,5.0,1.0,1.0,0.0,0.0,2.251820991217264
0.0,0.0,0.0,0.0,4.0,4.0,1.0,1.0,0.0,1.0,1.0,-2.2258733750705737
0.0,0.0,0.0,0.0,2.0,4.0,2.0,3.0,0.0,0.0,0.0,-0.7471684366316591
0.0,0.0,0.0,0.0,3.0,0.0,5.0,0.0,1.0,0.0,0.0,17.752394450944614
0.0,0.0,1.0,0.0,1.0,5.0,5.0,1.0,1.0,1.0,1.0,-3.071272824444007
1.0,1.0,0.0,0.0,0.0,5.0,0.0,3.0,1.0,1.0,1.0,-4.061638393184721
1.0,1.0,0.0,1.0,1.0,4.0,2.0,2.0,1.0,1.0,1.0,8.165596384856421
0.0,0.0,0.0,0.0,3.0,3.0,0.0,0.0,0.0,1.0,1.0,-2.448345641662752
0.0,0.0,1.0,0.0,2.0,1.0,2.0,2.0,0.0,1.0,0.0,5.979238532512181
0.0,0.0,1.0,1.0,4.0,2.0,0.0,0.0,1.0,0.0,0.0,17.73210256145498
1.0,0.0,1.0,0.0,1.0,5.0,2.0,2.0,1.0,1.0,1.0,4.694029790845214
0.0,0.0,0.0,1.0,3.0,1.0,5.0,5.0,1.0,0.0,0.0,9.861713664469711
1.0,1.0,1.0,1.0,1.0,2.0,0.0,4.0,1.0,0.0,0.0,18.831708750389417
1.0,1.0,0.0,1.0,5.0,4.0,2.0,1.0,1.0,0.0,0.0,10.343835234911127
1.0,1.0,1.0,0.0,0.0,3.0,2.0,0.0,1.0,1.0,0.0,6.873746934612669
0.0,0.0,0.0,1.0,1.0,5.0,2.0,2.0,1.0,1.0,1.0,18.172875062944204
0.0,0.0,1.0,1.0,3.0,1.0,4.0,4.0,1.0,0.0,0.0,13.9306377383292
0.0,1.0,0.0,1.0,1.0,0.0,2.0,5.0,0.0,1.0,1.0,0.7817090493177057
0.0,1.0,1.0,0.0,0.0,3.0,3.0,0.0,0.0,0.0,0.0,1.0318383380570673
1.0,0.0,1.0,0.0,5.0,5.0,3.0,3.0,1.0,1.0,1.0,18.411228967827075
1.0,1.0,0.0,1.0,0.0,0.0,3.0,3.0,0.0,1.0,0.0,16.139698140094666
1.0,1.0,0.0,1.0,4.0,0.0,1.0,5.0,0.0,1.0,0.0,8.744403592773239
0.0,0.0,1.0,0.0,5.0,3.0,4.0,4.0,1.0,1.0,1.0,1.9680778362087403
0.0,0.0,1.0,1.0,2.0,5.0,0.0,0.0,0.0,1.0,1.0,-4.799185951398421
0.0,0.0,0.0,1.0,1.0,3.0,5.0,5.0,0.0,0.0,0.0,15.102891989446146
1.0,0.0,1.0,1.0,0.0,3.0,0.0,3.0,1.0,1.0,1.0,11.89899030191478
1.0,1.0,1.0,1.0,4.0,4.0,4.0,3.0,0.0,1.0,1.0,10.409622252416304
0.0,1.0,1.0,0.0,0.0,2.0,5.0,4.0,0.0,0.0,0.0,-0.2951075624169883
0.0,1.0,0.0,1.0,2.0,5.0,3.0,2.0,1.0,1.0,0.0,4.666246533204237
0.0,0.0,0.0,0.0,2.0,2.0,5.0,4.0,1.0,1.0,0.0,5.667840838190886
0.0,0.0,0.0,0.0,1.0,2.0,3.0,2.0,1.0,1.0,0.0,20.593718801604165
0.0,0.0,0.0,0.0,0.0,2.0,2.0,2.0,0.0,0.0,1.0,17.249894788216224
1.0,1.0,1.0,0.0,2.0,0.0,3.0,3.0,1.0,1.0,1.0,17.64593696902281
1.0,1.0,0.0,1.0,0.0,4.0,1.0,5.0,0.0,0.0,1.0,-2.950328034759389
1.0,1.0,1.0,1.0,4.0,3.0,0.0,0.0,1.0,0.0,1.0,-3.608566874889904
1.0,1.0,0.0,0.0,5.0,4.0,2.0,2.0,0.0,0.0,0.0,3.196240998724182
1.0,1.0,0.0,0.0,1.0,5.0,1.0,4.0,1.0,1.0,1.0,-4.210867908900017
1.0,1.0,0.0,1.0,4.0,4.0,4.0,2.0,0.0,0.0,1.0,7.684632842035556
0.0,0.0,1.0,1.0,5.0,1.0,4.0,4.0,0.0,1.0,1.0,12.749739950133542
1.0,1.0,0.0,1.0,3.0,4.0,2.0,2.0,0.0,0.0,1.0,20.81676894142393
1.0,1.0,1.0,1.0,1.0,3.0,0.0,0.0,1.0,0.0,1.0,13.14905468012719
1.0,1.0,1.0,1.0,2.0,3.0,3.0,2.0,0.0,0.0,0.0,14.521524247988538
0.0,1.0,1.0,0.0,5.0,5.0,5.0,4.0,1.0,0.0,1.0,-0.4939951461938463
1.0,1.0,1.0,1.0,1.0,0.0,0.0,3.0,0.0,1.0,1.0,1.1936935525080017
1.0,1.0,1.0,1.0,4.0,5.0,4.0,1.0,0.0,0.0,1.0,20.254678398586258
0.0,1.0,0.0,0.0,0.0,4.0,5.0,2.0,0.0,1.0,1.0,-1.791805794846626
0.0,0.0,0.0,0.0,0.0,4.0,2.0,2.0,1.0,1.0,0.0,0.620189886321012
1.0,1.0,0.0,0.0,5.0,4.0,3.0,4.0,1.0,0.0,0.0,15.371414601584096
0.0,0.0,1.0,0.0,4.0,1.0,3.0,3.0,0.0,0.0,1.0,20.588431616501868
1.0,0.0,0.0,1.0,4.0,5.0,0.0,3.0,0.0,0.0,0.0,9.68923391203425
1.0,1.0,0.0,1.0,4.0,0.0,5.0,1.0,1.0,1.0,1.0,-2.3590612436717047
0.0,0.0,0.0,1.0,0.0,2.0,4.0,4.0,0.0,1.0,0.0,0.1532249620614996
1.0,1.0,0.0,0.0,1.0,2.0,0.0,0.0,1.0,1.0,0.0,0.464080583777358
1.0,1.0,0.0,1.0,3.0,0.0,3.0,3.0,0.0,1.0,1.0,10.39608641432728
1.0,1.0,1.0,0.0,2.0,1.0,2.0,3.0,0.0,0.0,1.0,0.6809850716060568
1.0,1.0,0.0,1.0,4.0,5.0,4.0,4.0,1.0,0.0,0.0,2.7998065851530995
0.0,1.0,1.0,0.0,0.0,1.0,5.0,3.0,0.0,1.0,1.0,3.815404062641747
1.0,1.0,1.0,1.0,0.0,1.0,0.0,0.0,0.0,1.0,0.0,-3.457668933790455
0.0,0.0,0.0,0.0,1.0,0.0,4.0,1.0,0.0,0.0,1.0,8.740271408350434
1.0,0.0,1.0,0.0,0.0,2.0,3.0,4.0,0.0,0.0,1.0,5.315787826453118
1.0,1.0,1.0,1.0,0.0,4.0,1.0,4.0,0.0,0.0,1.0,0.8114007912359815
1.0,1.0,1.0,0.0,2.0,3.0,5.0,0.0,1.0,1.0,0.0,8.547402816812504
1.0,1.0,1.0,1.0,1.0,3.0,5.0,0.0,0.0,0.0,1.0,21.545642652051686
1.0,1.0,0.0,1.0,1.0,3.0,4.0,4.0,0.0,1.0,0.0,8.972417975618914
0.0,0.0,0.0,1.0,2.0,4.0,2.0,2.0,0.0,1.0,0.0,17.366264958333392
0.0,0.0,0.0,0.0,0.0,3.0,4.0,4.0,1.0,0.0,0.0,1.3178462423563335
0.0,0.0,0.0,0.0,5.0,0.0,3.0,3.0,0.0,0.0,0.0,16.39810025873721
0.0,1.0,0.0,1.0,3.0,1.0,1.0,5.0,0.0,0.0,1.0,-0.4149656591537729
1.0,1.0,1.0,0.0,5.0,1.0,3.0,4.0,1.0,1.0,1.0,18.17533795719713
1.0,1.0,0.0,1.0,3.0,4.0,3.0,2.0,0.0,0.0,1.0,19.10537482017462
1.0,1.0,0.0,1.0,1.0,5.0,1.0,1.0,1.0,1.0,1.0,4.8140119675990825
1.0,1.0,0.0,1.0,3.0,0.0,4.0,4.0,1.0,1.0,0.0,2.9554074651449023
1.0,1.0,0.0,1.0,1.0,3.0,3.0,3.0,0.0,0.0,1.0,15.534450162962898
1.0,1.0,0.0,0.0,0.0,4.0,5.0,5.0,0.0,1.0,0.0,7.202110214088783
1.0,1.0,1.0,0.0,3.0,5.0,4.0,4.0,1.0,1.0,1.0,0.920104867169912
1.0,1.0,1.0,0.0,1.0,0.0,3.0,3.0,1.0,0.0,0.0,4.351064713115628
1.0,1.0,0.0,1.0,2.0,5.0,1.0,4.0,1.0,1.0,0.0,2.0408505351962214
0.0,1.0,0.0,0.0,5.0,5.0,2.0,5.0,0.0,1.0,0.0,14.967692575905916
1.0,1.0,0.0,1.0,4.0,3.0,5.0,2.0,1.0,1.0,0.0,12.451282900853403
1.0,1.0,0.0,0.0,2.0,4.0,0.0,4.0,1.0,0.0,1.0,10.66854447165746
0.0,0.0,1.0,0.0,4.0,2.0,3.0,4.0,1.0,1.0,1.0,-4.588831421678653
1.0,1.0,0.0,0.0,0.0,0.0,2.0,2.0,0.0,1.0,1.0,18.081682880486643
1.0,1.0,1.0,1.0,0.0,2.0,4.0,4.0,1.0,1.0,0.0,13.074124353974796
0.0,1.0,1.0,1.0,3.0,1.0,0.0,0.0,1.0,0.0,1.0,7.971198417335
1.0,1.0,0.0,0.0,4.0,3.0,2.0,5.0,1.0,0.0,0.0,17.469573970007392
0.0,0.0,0.0,0.0,0.0,0.0,0.0,0.0,0.0,1.0,1.0,2.643293221483262
0.0,0.0,0.0,0.0,4.0,5.0,4.0,3.0,0.0,1.0,1.0,10.251051874515989
0.0,0.0,1.0,1.0,5.0,4.0,3.0,2.0,0.0,1.0,1.0,16.211991984502323
1.0,0.0,1.0,0.0,0.0,0.0,1.0,2.0,0.0,0.0,1.0,1.9747942174111923
0.0,0.0,0.0,0.0,4.0,1.0,2.0,3.0,1.0,1.0,0.0,-2.665570263756638
1.0,1.0,0.0,0.0,4.0,2.0,0.0,5.0,1.0,0.0,1.0,-3.497290966294264
1.0,1.0,0.0,1.0,0.0,1.0,4.0,4.0,0.0,0.0,1.0,10.742765664172287
1.0,0.0,0.0,1.0,0.0,1.0,1.0,1.0,1.0,0.0,1.0,19.410993448735177
0.0,1.0,0.0,1.0,5.0,4.0,1.0,5.0,0.0,1.0,0.0,6.04848239490282
0.0,0.0,0.0,1.0,3.0,1.0,3.0,3.0,1.0,0.0,0.0,18.66119736176389
0.0,1.0,1.0,0.0,0.0,1.0,1.0,1.0,1.0,0.0,1.0,-0.4306074743847334
1.0,1.0,1.0,1.0,5.0,2.0,0.0,2.0,1.0,1.0,0.0,0.0893106667364662
0.0,0.0,0.0,0.0,5.0,0.0,0.0,0.0,0.0,1.0,1.0,18.29952355775108
0.0,0.0,1.0,0.0,3.0,3.0,1.0,1.0,1.0,0.0,0.0,-3.480692590854185
1.0,1.0,1.0,1.0,2.0,4.0,3.0,2.0,1.0,0.0,0.0,20.735145869025693
0.0,1.0,0.0,0.0,3.0,3.0,3.0,3.0,1.0,0.0,1.0,3.073671896929314
0.0,1.0,0.0,0.0,1.0,5.0,5.0,2.0,0.0,0.0,1.0,12.6520323764013
1.0,1.0,0.0,0.0,0.0,1.0,5.0,5.0,0.0,0.0,1.0,-2.2689086186550576
1.0,0.0,1.0,1.0,5.0,3.0,5.0,4.0,1.0,1.0,1.0,4.944059468707577
0.0,0.0,1.0,1.0,1.0,5.0,1.0,1.0,1.0,0.0,1.0,16.143864630592653
1.0,1.0,1.0,0.0,2.0,4.0,5.0,5.0,0.0,0.0,0.0,21.26968128793375
1.0,0.0,0.0,1.0,2.0,3.0,2.0,4.0,0.0,1.0,1.0,16.56862958341993
1.0,1.0,0.0,1.0,5.0,3.0,1.0,5.0,0.0,1.0,0.0,12.219214697381291
1.0,0.0,1.0,1.0,2.0,0.0,4.0,2.0,0.0,1.0,0.0,6.784750464830312
1.0,1.0,1.0,0.0,5.0,4.0,5.0,5.0,1.0,0.0,1.0,15.208368958093873
0.0,0.0,0.0,0.0,3.0,5.0,1.0,1.0,0.0,0.0,1.0,-3.741586265004712
0.0,1.0,0.0,1.0,2.0,0.0,3.0,3.0,1.0,1.0,0.0,8.844408164267692
0.0,0.0,0.0,0.0,4.0,0.0,1.0,2.0,0.0,0.0,1.0,16.24107446359675
1.0,1.0,1.0,1.0,3.0,0.0,2.0,2.0,0.0,1.0,1.0,10.887084524653169
0.0,0.0,0.0,0.0,0.0,4.0,4.0,4.0,0.0,0.0,1.0,17.937416538714164
1.0,1.0,0.0,0.0,2.0,2.0,3.0,5.0,0.0,0.0,0.0,18.176088271853427
0.0,0.0,0.0,1.0,5.0,4.0,5.0,5.0,1.0,0.0,0.0,-1.875662610495875
1.0,0.0,1.0,1.0,3.0,1.0,1.0,1.0,1.0,0.0,0.0,17.891450969741904
1.0,1.0,0.0,1.0,0.0,1.0,3.0,3.0,0.0,0.0,1.0,-4.949240839170753
1.0,1.0,0.0,1.0,5.0,5.0,2.0,2.0,1.0,1.0,0.0,17.624040657638435
0.0,0.0,1.0,0.0,5.0,2.0,4.0,4.0,1.0,0.0,1.0,3.66610409632451
0.0,0.0,0.0,1.0,0.0,3.0,4.0,5.0,0.0,1.0,0.0,-1.301641817059135
0.0,0.0,1.0,0.0,1.0,1.0,0.0,0.0,1.0,1.0,1.0,12.754442308975438
0.0,0.0,1.0,0.0,2.0,3.0,3.0,4.0,0.0,1.0,0.0,2.58947147460346
1.0,1.0,1.0,0.0,1.0,3.0,4.0,3.0,1.0,0.0,1.0,20.75485617865437
0.0,1.0,1.0,0.0,4.0,3.0,4.0,4.0,0.0,1.0,1.0,-1.7738946166784677
0.0,0.0,1.0,1.0,5.0,5.0,4.0,5.0,0.0,1.0,1.0,12.780028666118213
1.0,1.0,0.0,1.0,2.0,5.0,3.0,3.0,1.0,0.0,1.0,1.4292515977124405
0.0,0.0,0.0,0.0,1.0,5.0,1.0,1.0,0.0,1.0,0.0,16.764062480549246
0.0,0.0,1.0,1.0,5.0,2.0,0.0,5.0,1.0,1.0,1.0,3.7330234484524034
0.0,0.0,0.0,0.0,3.0,1.0,2.0,2.0,1.0,0.0,0.0,-0.1148525530885553
0.0,1.0,1.0,1.0,4.0,1.0,1.0,3.0,0.0,0.0,0.0,16.368208901306957
1.0,1.0,0.0,0.0,1.0,0.0,4.0,2.0,1.0,1.0,1.0,19.583831343312365
1.0,1.0,1.0,1.0,1.0,5.0,0.0,3.0,0.0,1.0,1.0,14.667546766571636
1.0,1.0,1.0,1.0,0.0,5.0,3.0,3.0,1.0,0.0,0.0,11.28046159729793
0.0,0.0,0.0,0.0,4.0,4.0,0.0,1.0,1.0,0.0,1.0,9.111855410637432
0.0,0.0,0.0,0.0,4.0,4.0,0.0,5.0,0.0,0.0,0.0,2.4222706580255826
0.0,0.0,1.0,1.0,3.0,0.0,2.0,5.0,1.0,0.0,1.0,2.1816358435285688
0.0,0.0,0.0,0.0,0.0,5.0,2.0,1.0,1.0,0.0,1.0,-4.051999627784535
0.0,0.0,0.0,0.0,3.0,1.0,4.0,3.0,1.0,1.0,1.0,0.3406821340816872
0.0,0.0,0.0,0.0,3.0,1.0,2.0,2.0,0.0,0.0,1.0,-1.221453280814687
0.0,0.0,1.0,0.0,1.0,4.0,1.0,1.0,1.0,0.0,0.0,-0.9564708242629578
1.0,1.0,0.0,0.0,4.0,1.0,4.0,4.0,1.0,0.0,0.0,9.74409326857584
0.0,0.0,1.0,0.0,0.0,5.0,2.0,4.0,0.0,0.0,1.0,15.836790288130144
1.0,0.0,1.0,1.0,4.0,1.0,1.0,1.0,1.0,0.0,0.0,12.94212824504783
0.0,0.0,0.0,1.0,1.0,5.0,2.0,2.0,1.0,0.0,1.0,13.028653218277846
0.0,0.0,0.0,1.0,3.0,4.0,0.0,0.0,0.0,0.0,1.0,-4.971364655122122
1.0,0.0,1.0,0.0,2.0,5.0,1.0,1.0,0.0,1.0,0.0,2.184104493048653
1.0,1.0,1.0,0.0,4.0,0.0,5.0,5.0,0.0,1.0,0.0,5.2885898893488505
1.0,1.0,0.0,1.0,2.0,0.0,3.0,2.0,1.0,0.0,0.0,5.079755074666245
0.0,0.0,0.0,0.0,3.0,1.0,2.0,4.0,1.0,1.0,0.0,1.931288885429504
1.0,0.0,0.0,0.0,5.0,3.0,4.0,4.0,1.0,0.0,0.0,15.2663540860782
0.0,0.0,0.0,1.0,3.0,3.0,3.0,1.0,1.0,1.0,1.0,12.920663980383338
1.0,1.0,0.0,1.0,4.0,4.0,3.0,4.0,0.0,1.0,1.0,4.639666127270651
1.0,0.0,1.0,0.0,2.0,3.0,0.0,0.0,0.0,0.0,1.0,4.165193103943567
1.0,1.0,1.0,1.0,3.0,3.0,1.0,5.0,0.0,1.0,1.0,9.95343194469666
0.0,0.0,1.0,0.0,1.0,4.0,5.0,3.0,0.0,1.0,0.0,9.794494711589133
1.0,1.0,1.0,1.0,5.0,2.0,5.0,0.0,1.0,0.0,1.0,6.548873743368652
1.0,1.0,0.0,1.0,3.0,4.0,4.0,4.0,1.0,0.0,0.0,1.5557333904725097
0.0,0.0,0.0,0.0,0.0,3.0,4.0,0.0,1.0,1.0,1.0,-4.954197235758713
1.0,1.0,1.0,0.0,1.0,1.0,1.0,4.0,0.0,0.0,1.0,19.548320125902915
0.0,1.0,1.0,0.0,5.0,1.0,3.0,3.0,0.0,0.0,0.0,18.90139471050816
1.0,1.0,0.0,0.0,0.0,2.0,5.0,2.0,0.0,0.0,1.0,1.6540684877302718
0.0,0.0,0.0,1.0,5.0,5.0,1.0,5.0,0.0,1.0,0.0,-3.390929069210356
0.0,0.0,1.0,0.0,2.0,0.0,0.0,2.0,0.0,1.0,1.0,21.04596968008415
0.0,0.0,1.0,1.0,2.0,2.0,0.0,0.0,1.0,0.0,0.0,6.910464773624023
1.0,1.0,1.0,0.0,2.0,1.0,4.0,4.0,0.0,0.0,0.0,4.383823771097795
1.0,1.0,1.0,0.0,0.0,4.0,5.0,5.0,1.0,1.0,0.0,12.614246095056496
0.0,1.0,0.0,1.0,1.0,1.0,1.0,1.0,0.0,1.0,1.0,19.66355430801611
0.0,0.0,1.0,1.0,3.0,5.0,5.0,3.0,1.0,0.0,0.0,3.573389825406016
1.0,1.0,1.0,1.0,4.0,0.0,5.0,2.0,0.0,0.0,0.0,12.86157484374144
1.0,1.0,0.0,1.0,0.0,2.0,3.0,3.0,1.0,0.0,0.0,-1.503500039107882
1.0,0.0,0.0,0.0,3.0,3.0,5.0,2.0,1.0,1.0,0.0,-3.5891498046226684
0.0,0.0,0.0,1.0,2.0,0.0,4.0,4.0,1.0,0.0,0.0,21.30808249203743
0.0,0.0,0.0,1.0,5.0,0.0,1.0,0.0,1.0,0.0,0.0,7.023605872266131
1.0,0.0,1.0,0.0,0.0,0.0,2.0,0.0,1.0,1.0,0.0,3.877829895594276
1.0,1.0,0.0,0.0,0.0,5.0,3.0,3.0,1.0,0.0,1.0,11.588308138892824
1.0,1.0,1.0,1.0,5.0,3.0,1.0,1.0,1.0,0.0,1.0,9.677543508552708
0.0,0.0,1.0,0.0,2.0,2.0,4.0,4.0,0.0,0.0,0.0,-4.568342239858491
1.0,1.0,0.0,1.0,0.0,3.0,0.0,0.0,0.0,0.0,0.0,19.0675140635261
0.0,0.0,1.0,1.0,2.0,0.0,1.0,1.0,1.0,1.0,0.0,8.857104490188439
0.0,0.0,0.0,0.0,1.0,0.0,2.0,1.0,0.0,0.0,0.0,21.382117332551164
1.0,1.0,0.0,1.0,5.0,5.0,0.0,0.0,0.0,0.0,1.0,20.448669249690703
1.0,0.0,1.0,0.0,0.0,2.0,5.0,1.0,1.0,1.0,0.0,-0.6200881133643872
0.0,0.0,0.0,0.0,2.0,0.0,2.0,3.0,1.0,0.0,1.0,-1.3172648003906384
1.0,1.0,1.0,0.0,5.0,1.0,0.0,1.0,1.0,0.0,0.0,13.964912310486834
0.0,1.0,0.0,1.0,0.0,2.0,0.0,0.0,1.0,0.0,1.0,-2.831426495388573
1.0,1.0,1.0,0.0,5.0,2.0,4.0,2.0,1.0,0.0,0.0,2.193946406430345
1.0,1.0,0.0,0.0,5.0,3.0,4.0,4.0,1.0,0.0,1.0,14.61452138546359
0.0,0.0,1.0,0.0,0.0,2.0,1.0,2.0,0.0,0.0,1.0,9.157637220498524
1.0,1.0,1.0,0.0,1.0,0.0,2.0,5.0,0.0,0.0,0.0,-3.90617553138655
1.0,1.0,1.0,1.0,2.0,0.0,3.0,0.0,1.0,1.0,1.0,-3.6827707169646136
1.0,1.0,0.0,0.0,4.0,0.0,0.0,0.0,0.0,0.0,0.0,0.4022634435688443
1.0,0.0,0.0,0.0,2.0,4.0,2.0,2.0,0.0,0.0,0.0,-4.34163485447629
0.0,0.0,0.0,0.0,4.0,3.0,2.0,2.0,1.0,0.0,0.0,2.589115444326976
0.0,0.0,0.0,1.0,5.0,1.0,3.0,5.0,0.0,1.0,1.0,18.93338234602004
1.0,1.0,1.0,1.0,0.0,3.0,4.0,3.0,1.0,0.0,0.0,13.305320027595323
1.0,1.0,1.0,0.0,2.0,3.0,4.0,4.0,0.0,1.0,0.0,0.353395955132413
0.0,1.0,1.0,1.0,1.0,3.0,3.0,1.0,0.0,0.0,0.0,5.703185807718755
1.0,0.0,1.0,0.0,0.0,1.0,4.0,2.0,0.0,1.0,0.0,4.168778639596896
1.0,1.0,1.0,0.0,5.0,1.0,3.0,3.0,1.0,1.0,0.0,-2.364995742375584
1.0,1.0,0.0,1.0,2.0,0.0,4.0,2.0,1.0,0.0,1.0,-1.4646388916893014
0.0,0.0,1.0,0.0,1.0,1.0,5.0,5.0,1.0,0.0,1.0,18.48788243800228
0.0,1.0,0.0,1.0,1.0,3.0,1.0,1.0,0.0,0.0,0.0,-4.788562908950648
0.0,0.0,0.0,1.0,5.0,5.0,3.0,1.0,1.0,1.0,1.0,19.0673080638542
1.0,0.0,0.0,0.0,4.0,0.0,0.0,3.0,1.0,1.0,0.0,15.79087208260588
1.0,1.0,0.0,1.0,5.0,2.0,3.0,3.0,0.0,1.0,1.0,6.238620150351082
1.0,1.0,1.0,0.0,2.0,2.0,2.0,2.0,0.0,0.0,1.0,17.894643235672586
0.0,1.0,1.0,1.0,1.0,2.0,5.0,0.0,1.0,1.0,0.0,-4.187533909893454
1.0,0.0,1.0,1.0,0.0,4.0,0.0,0.0,0.0,1.0,0.0,15.223938459468254
1.0,1.0,1.0,0.0,1.0,4.0,5.0,1.0,0.0,1.0,0.0,12.686740649595077
1.0,1.0,1.0,0.0,5.0,4.0,5.0,5.0,1.0,0.0,1.0,-2.818289538675708
1.0,1.0,1.0,0.0,0.0,3.0,3.0,4.0,0.0,1.0,1.0,8.862663525935712
0.0,0.0,1.0,0.0,3.0,5.0,0.0,2.0,1.0,0.0,1.0,16.93131044296479
1.0,1.0,0.0,1.0,1.0,5.0,3.0,3.0,0.0,1.0,0.0,-1.7758604582565778
0.0,0.0,0.0,1.0,0.0,3.0,5.0,0.0,1.0,0.0,0.0,18.57142349529409
1.0,1.0,1.0,1.0,2.0,2.0,1.0,1.0,1.0,1.0,1.0,-3.316102462110149
1.0,1.0,1.0,0.0,0.0,4.0,0.0,0.0,0.0,0.0,0.0,18.298881637445284
1.0,0.0,1.0,1.0,1.0,5.0,0.0,0.0,1.0,1.0,0.0,20.505887658763893
0.0,0.0,1.0,0.0,3.0,5.0,3.0,3.0,1.0,1.0,0.0,21.00480899893912
0.0,1.0,1.0,0.0,5.0,0.0,3.0,3.0,0.0,0.0,1.0,2.7581247050881146
1.0,1.0,1.0,1.0,5.0,2.0,4.0,4.0,0.0,1.0,1.0,2.202088848915735
0.0,0.0,1.0,0.0,5.0,5.0,4.0,4.0,1.0,0.0,1.0,0.7649348064595376
1.0,1.0,0.0,0.0,1.0,2.0,2.0,2.0,0.0,1.0,0.0,9.189928665888845
0.0,0.0,1.0,1.0,1.0,2.0,2.0,4.0,0.0,0.0,0.0,1.727170016847193
1.0,1.0,0.0,0.0,5.0,1.0,4.0,4.0,1.0,0.0,1.0,6.042061764550311
0.0,0.0,1.0,0.0,1.0,4.0,2.0,1.0,1.0,1.0,0.0,9.596423441492034
1.0,1.0,1.0,0.0,2.0,0.0,0.0,0.0,1.0,0.0,1.0,20.537447437367288
1.0,1.0,0.0,1.0,2.0,5.0,0.0,4.0,1.0,0.0,0.0,0.030021388355343
0.0,1.0,1.0,1.0,1.0,0.0,4.0,4.0,1.0,0.0,1.0,11.591916789711878
1.0,0.0,1.0,0.0,5.0,3.0,5.0,5.0,1.0,0.0,0.0,6.902802685651084
0.0,0.0,0.0,1.0,3.0,2.0,5.0,1.0,0.0,1.0,0.0,17.13718022388195
0.0,0.0,0.0,1.0,2.0,0.0,2.0,5.0,1.0,0.0,0.0,18.93262805304316
0.0,1.0,1.0,1.0,3.0,0.0,5.0,5.0,0.0,1.0,1.0,6.343217617292067
0.0,0.0,1.0,0.0,0.0,2.0,4.0,3.0,0.0,0.0,0.0,10.85287851775804
0.0,0.0,1.0,0.0,5.0,0.0,2.0,2.0,1.0,0.0,1.0,3.4800672718712704
0.0,1.0,0.0,0.0,3.0,0.0,1.0,2.0,1.0,1.0,1.0,15.05069302762151
0.0,1.0,1.0,1.0,1.0,1.0,5.0,5.0,0.0,0.0,0.0,2.847695351192669
1.0,0.0,1.0,1.0,4.0,4.0,0.0,4.0,1.0,0.0,0.0,2.437585958474908
0.0,1.0,0.0,1.0,3.0,3.0,1.0,1.0,0.0,0.0,1.0,21.159914692724165
0.0,0.0,1.0,0.0,2.0,2.0,1.0,1.0,0.0,1.0,0.0,14.91758289478634
1.0,1.0,1.0,0.0,2.0,5.0,2.0,4.0,1.0,1.0,0.0,7.992108140250755
0.0,0.0,0.0,0.0,2.0,2.0,4.0,4.0,1.0,0.0,1.0,1.1815945519071027
1.0,0.0,0.0,0.0,3.0,5.0,1.0,1.0,0.0,1.0,1.0,4.665457948382485
0.0,0.0,0.0,1.0,3.0,3.0,0.0,0.0,0.0,0.0,1.0,-2.946582418761667
0.0,0.0,0.0,0.0,1.0,2.0,0.0,0.0,0.0,1.0,0.0,4.112530916689492
1.0,1.0,1.0,1.0,5.0,3.0,5.0,5.0,1.0,1.0,1.0,3.64031362853852
0.0,0.0,1.0,0.0,0.0,0.0,0.0,0.0,1.0,1.0,0.0,8.65410000658705
1.0,1.0,0.0,0.0,3.0,2.0,4.0,0.0,0.0,1.0,1.0,7.766997168099381
1.0,1.0,0.0,1.0,3.0,1.0,2.0,2.0,0.0,1.0,0.0,7.230054697584215
1.0,1.0,0.0,1.0,3.0,2.0,3.0,3.0,1.0,1.0,0.0,13.545939493466722
0.0,0.0,1.0,0.0,5.0,0.0,4.0,5.0,0.0,0.0,0.0,21.97264151226917
0.0,0.0,1.0,0.0,3.0,0.0,1.0,1.0,1.0,1.0,1.0,2.3600577595688206
1.0,0.0,1.0,1.0,0.0,2.0,3.0,3.0,1.0,1.0,1.0,-1.5825180286845375
0.0,0.0,1.0,1.0,4.0,3.0,2.0,2.0,1.0,0.0,0.0,7.440761396655731
1.0,0.0,1.0,1.0,0.0,0.0,0.0,0.0,0.0,0.0,0.0,17.93263640172942
0.0,1.0,1.0,1.0,3.0,0.0,2.0,5.0,0.0,0.0,1.0,-1.573934731922662
1.0,1.0,0.0,0.0,0.0,5.0,1.0,4.0,1.0,1.0,1.0,17.0451692086992
0.0,0.0,0.0,0.0,3.0,0.0,2.0,2.0,0.0,0.0,0.0,19.815918171621004
0.0,1.0,0.0,1.0,2.0,0.0,0.0,0.0,0.0,0.0,1.0,20.40895633483783
1.0,1.0,1.0,1.0,1.0,3.0,5.0,1.0,1.0,0.0,1.0,1.9731035539497863
1.0,1.0,0.0,0.0,3.0,3.0,5.0,5.0,0.0,1.0,0.0,12.959062414658844
0.0,0.0,0.0,0.0,4.0,2.0,0.0,0.0,0.0,1.0,0.0,3.0483094371395207
0.0,0.0,1.0,0.0,4.0,0.0,2.0,2.0,0.0,0.0,1.0,0.1901934640348308
0.0,0.0,1.0,0.0,2.0,1.0,0.0,5.0,0.0,0.0,0.0,15.886949106208064
1.0,1.0,0.0,0.0,1.0,2.0,1.0,1.0,1.0,1.0,1.0,20.42458006066938
1.0,1.0,1.0,0.0,3.0,3.0,3.0,3.0,0.0,1.0,1.0,12.359004115413992
1.0,1.0,0.0,0.0,4.0,2.0,2.0,0.0,0.0,1.0,1.0,2.488818120673636
1.0,1.0,1.0,1.0,1.0,5.0,3.0,3.0,0.0,1.0,0.0,11.324180193240585
0.0,0.0,1.0,0.0,0.0,2.0,4.0,4.0,0.0,0.0,0.0,1.823332808301025
0.0,0.0,0.0,1.0,2.0,0.0,3.0,3.0,1.0,1.0,1.0,14.344955219303255
1.0,1.0,1.0,0.0,5.0,2.0,3.0,3.0,1.0,1.0,1.0,20.82266605721629
0.0,0.0,1.0,0.0,2.0,5.0,5.0,5.0,1.0,1.0,1.0,19.20588608716653
1.0,0.0,0.0,0.0,1.0,4.0,1.0,1.0,0.0,0.0,0.0,-0.0385963380237646
1.0,1.0,0.0,0.0,5.0,5.0,5.0,5.0,1.0,1.0,1.0,-2.158585349076726
1.0,1.0,1.0,0.0,3.0,3.0,3.0,3.0,1.0,0.0,1.0,8.570603230118385
0.0,0.0,0.0,1.0,1.0,1.0,4.0,4.0,0.0,1.0,1.0,2.526513706924045
1.0,0.0,0.0,0.0,2.0,2.0,5.0,5.0,1.0,0.0,0.0,17.238753880047717
0.0,0.0,1.0,0.0,2.0,5.0,0.0,0.0,0.0,1.0,1.0,2.79789043089968
1.0,1.0,1.0,0.0,4.0,4.0,4.0,1.0,0.0,0.0,1.0,21.797449094553336
0.0,0.0,0.0,1.0,1.0,5.0,4.0,4.0,1.0,0.0,0.0,10.183051637097462
1.0,1.0,1.0,0.0,2.0,0.0,2.0,4.0,1.0,1.0,1.0,0.1800896534844049
0.0,0.0,1.0,0.0,4.0,0.0,2.0,2.0,1.0,0.0,1.0,13.481531438468178
0.0,0.0,0.0,1.0,4.0,0.0,1.0,1.0,1.0,1.0,0.0,18.07804740943243
1.0,1.0,0.0,1.0,4.0,3.0,5.0,5.0,1.0,1.0,1.0,14.813198133153154
1.0,1.0,1.0,0.0,2.0,4.0,4.0,3.0,0.0,1.0,1.0,20.343237055104872
0.0,0.0,1.0,1.0,3.0,5.0,0.0,1.0,0.0,1.0,0.0,10.491752127374282
1.0,0.0,1.0,0.0,2.0,5.0,2.0,0.0,1.0,0.0,0.0,1.0908992657069616
0.0,1.0,1.0,0.0,4.0,2.0,2.0,5.0,0.0,0.0,1.0,-3.8052024191003886
1.0,1.0,0.0,0.0,2.0,2.0,3.0,3.0,0.0,1.0,1.0,4.77026440238814
1.0,1.0,1.0,1.0,2.0,1.0,0.0,0.0,1.0,0.0,0.0,8.00600692332368
0.0,0.0,1.0,0.0,0.0,3.0,3.0,3.0,0.0,0.0,1.0,12.535759237119644
1.0,1.0,1.0,0.0,0.0,1.0,1.0,2.0,0.0,0.0,1.0,1.3622427787231963
0.0,1.0,0.0,1.0,2.0,0.0,4.0,4.0,0.0,0.0,1.0,0.6356041716020968
0.0,0.0,1.0,1.0,5.0,5.0,5.0,5.0,1.0,1.0,1.0,13.586787269801334
1.0,1.0,1.0,1.0,0.0,1.0,1.0,3.0,0.0,1.0,1.0,6.1057947332356335
1.0,1.0,1.0,1.0,2.0,0.0,1.0,1.0,1.0,0.0,0.0,16.63088841603275
1.0,1.0,1.0,1.0,4.0,5.0,2.0,0.0,0.0,0.0,0.0,14.661039657402624
1.0,1.0,0.0,0.0,2.0,2.0,4.0,4.0,1.0,0.0,0.0,-1.776673018526585
